term_id,source_language,source_term,target_language,preferred_target,rejected_or_variant,scope,status,rationale
AGT-0001,de,algebraische Kurve,id-ID,kurva aljabar,kurva algebraik,whole_lane,admitted,Established Indonesian mathematical usage and direct transparent rendering
AGT-0002,de,ebene algebraische Kurve,id-ID,kurva aljabar bidang,kurva aljabar datar,Brenner,admitted,Uses bidang consistently for the affine plane
AGT-0003,de,affin,id-ID,afin,affine,whole_lane,admitted,Standard Indonesian spelling
AGT-0004,de,Grundkörper,id-ID,lapangan dasar,medan dasar,whole_lane,admitted,Representative Indonesian algebraic-geometry and commutative-algebra papers use lapangan consistently and do not use medan
AGT-0005,de,Polynomring,id-ID,gelanggang polinomial,cincin polinomial,whole_lane,admitted,Uses the established ring=gelanggang convention
AGT-0006,de,Nullstellengebilde,id-ID,lokus nol,himpunan akar,Brenner,admitted,Geometric zero locus rather than merely a list of scalar roots
AGT-0007,de,Lösungsmenge,id-ID,himpunan solusi,,whole_lane,admitted,Direct mathematical usage
AGT-0008,de,algebraisch abgeschlossen,id-ID,tertutup secara aljabar,tertutup aljabar,whole_lane,admitted,Explicit adverb avoids ambiguity
AGT-0009,de,irreduzibel,id-ID,tak tereduksi,ireduksibel,whole_lane,admitted,Transparent standard mathematical rendering
AGT-0010,de,rationale Funktion,id-ID,fungsi rasional,,whole_lane,admitted,Established Indonesian usage
AGT-0011,de,Pol,id-ID,kutub,,whole_lane,admitted,Established complex-analysis and algebraic-geometry usage
AGT-0012,de,Fundamentalsatz der Algebra,id-ID,teorema dasar aljabar,,whole_lane,admitted,Established theorem name
AGT-0013,en,scheme,id-ID,skema,,scheme_bridge,admitted,Established Indonesian mathematical borrowing
AGT-0014,en,affine scheme,id-ID,skema afin,skema affine,scheme_bridge,admitted,Matches the admitted spelling afin
AGT-0015,en,structure sheaf,id-ID,berkas struktur,,scheme_bridge,provisional,Must remain consistent with the later sheaf module
AGT-0016,en,stalk,id-ID,tangkai,,whole_lane,admitted,Admitted at the complete Unit 15 construction as the local colimit of section rings
AGT-0017,en,locally ringed space,id-ID,ruang bergelanggang lokal,,scheme_bridge,provisional,Compositional terminology pending first translated use
AGT-0018,en,gluing data,id-ID,data pengeleman,data perekatan,scheme_bridge,provisional,Select final form during original supplement drafting
AGT-0019,de,Zariski-Topologie,id-ID,topologi Zariski,,Brenner,admitted,Standard eponym retained and consistently capitalized
AGT-0020,de,Verschwindungsideal,id-ID,ideal pelenyapan,ideal lenyap,Brenner,admitted,Names the ideal of functions vanishing on a set and matches the reader definition
AGT-0021,de,Radikalideal,id-ID,ideal radikal,,Brenner,admitted,Transparent established commutative-algebra rendering
AGT-0022,de,nilpotentes Element,id-ID,unsur nilpoten,elemen nilpoten,Brenner,admitted,Uses unsur consistently for ring elements
AGT-0023,de,reduzierter Ring,id-ID,gelanggang tereduksi,cincin tereduksi,Brenner,admitted,Uses the established ring=gelanggang convention
AGT-0024,de,Zariski-Abschluss,id-ID,penutupan Zariski,,Brenner,admitted,Standard topological term with the eponym retained
AGT-0025,de,irreduzible Komponente,id-ID,komponen tak tereduksi,komponen ireduksibel,Brenner,admitted,Composes with the admitted rendering of irreduzibel
AGT-0026,de,Primideal,id-ID,ideal prima,,Brenner,admitted,Established commutative-algebra usage
AGT-0027,de,Quotientenkörper,id-ID,lapangan pecahan,medan pecahan; lapangan hasil bagi,Brenner,admitted,Distinguishes a field of fractions from a quotient ring while following evidence-backed field equals lapangan convention
AGT-0028,de,rationaler Funktionenkörper,id-ID,lapangan fungsi rasional,medan fungsi rasional,Brenner,admitted,Established algebraic-geometry usage with evidence-backed field equals lapangan convention
AGT-0029,de,Integritätsbereich,id-ID,domain integral,,Brenner,admitted,Established abstract-algebra usage
AGT-0030,de,Restklassenring,id-ID,gelanggang faktor,gelanggang hasil bagi; gelanggang residu,Brenner,admitted,Directly attested in the representative Indonesian commutative-algebra paper for quotient rings
AGT-0031,de,faktorieller Integritätsbereich,id-ID,domain faktorisasi tunggal,domain faktorial,Brenner,admitted,Expands the UFD property transparently
AGT-0032,de,Hauptidealbereich,id-ID,domain ideal utama,,Brenner,admitted,Established rendering of principal ideal domain
AGT-0033,de,abgeschlossene Abbildung,id-ID,pemetaan tertutup,,Brenner,admitted,Standard topological terminology
AGT-0034,de,offene Abbildung,id-ID,pemetaan terbuka,,Brenner,admitted,Standard topological terminology
AGT-0035,de,zusammenhängend,id-ID,terhubung,,Brenner,admitted,Standard topological terminology
AGT-0036,de,homogene Komponente,id-ID,komponen homogen,,Brenner,admitted,Direct compositional term for graded polynomial decomposition
AGT-0037,de,homogenes Polynom,id-ID,polinom homogen,,Brenner,admitted,Established polynomial terminology used throughout Unit 5
AGT-0038,de,Gesamtgrad,id-ID,derajat total,,Brenner,admitted,Distinguishes total degree from degree in one variable
AGT-0039,de,Noethersche Normalisierung,id-ID,normalisasi Noether,,Brenner,admitted,Standard eponymous algebraic-geometry term
AGT-0040,de,polynomiale Abbildung,id-ID,pemetaan polinomial,,Brenner,admitted,Consistent with the established map equals pemetaan convention
AGT-0041,de,affin-lineare Äquivalenz,id-ID,ekuivalensi afin-linear,,Brenner,admitted,Preserves the affine-linear qualifier used in the source definition
AGT-0042,de,ganze Ringerweiterung,id-ID,perluasan gelanggang integral,,Brenner,admitted,Names the integral ring extension in the Noether-normalization interpretation
AGT-0043,de,polynomiale Parametrisierung,id-ID,parametrisasi polinomial,parameterisasi polinomial,Brenner,admitted,Matches the established parametrisasi usage and distinguishes the component class
AGT-0044,de,rationale Parametrisierung,id-ID,parametrisasi rasional,parameterisasi rasional,Brenner,admitted,Standard algebraic-geometry term paired with rational functions
AGT-0045,de,rationale Kurve,id-ID,kurva rasional,,Brenner,admitted,Standard name for an irreducible curve admitting a rational parametrization
AGT-0046,de,Homogenisierung,id-ID,homogenisasi,,Brenner,admitted,Established polynomial operation and counterpart of dehomogenisasi
AGT-0047,de,Dehomogenisierung,id-ID,dehomogenisasi,,Brenner,admitted,Established inverse-on-homogenizations operation given by setting the added variable to one
AGT-0048,de,differenzierbare Kurve,id-ID,kurva terdiferensial,kurva dapat didiferensialkan,Brenner,admitted,Concise standard rendering for the analysis-side comparison
AGT-0049,de,Definitionsbereich,id-ID,domain definisi,daerah definisi,Brenner,admitted,Uses domain consistently for the locus where rational components are defined
AGT-0050,de,Satz über implizite Funktionen,id-ID,teorema fungsi implisit,,Brenner,admitted,Standard analysis terminology retained in the local-parametrization note
AGT-0051,de,Kegelschnitt,id-ID,irisan kerucut,konik,Brenner,admitted,Preserves the geometric conic-section meaning and remains consistent across Unit 7
AGT-0052,de,Quadrik,id-ID,kuadrik,bentuk kuadratik,Brenner,admitted,Names the algebraic locus and keeps it distinct from a quadratic form
AGT-0053,de,quadratische Form,id-ID,bentuk kuadratik,kuadrik,Brenner,admitted,Names the polynomial form and keeps it distinct from its quadric zero locus
AGT-0054,de,algebraischer Abschluss,id-ID,ketertutupan aljabar,penutupan aljabar,whole_lane,provisional,Directly attested in the representative Indonesian algebraic-curve paper; admit when the noun first appears
AGT-0055,de,kurze exakte Sequenz,id-ID,barisan eksak pendek,urutan eksak pendek,Brenner,admitted,Uses barisan consistently for exact sequences and preserves the short qualifier
AGT-0056,de,Nichtnullteiler,id-ID,bukan pembagi nol,pembagi bukan nol,Brenner,admitted,Distinguishes a non-zero-divisor from a merely nonzero element
AGT-0057,de,Nenneraufnahme,id-ID,pelokalan,lokalisasi,Brenner,admitted,Established at the complete Unit 13 localization treatment and consistent with the earlier Unit 10 occurrence
AGT-0058,de,Punktideal,id-ID,ideal titik,,Brenner,admitted,Direct geometric rendering for the maximal ideal associated with a point
AGT-0059,de,artinsch,id-ID,Artin,Artinian,Brenner,admitted,Uses the mathematician-derived Indonesian adjective without an English suffix
AGT-0060,de,algebraisch abhängig,id-ID,bergantung secara aljabar,,Brenner,admitted,Preserves the dependence relation and its algebraic qualifier
AGT-0061,de,algebraisch unabhängig,id-ID,bebas secara aljabar,,Brenner,admitted,Paired antonym of bergantung secara aljabar
AGT-0062,de,Hilbertscher Nullstellensatz,id-ID,Nullstellensatz Hilbert,teorema nol Hilbert,Brenner,admitted,Matches the established wording already used in Units 2 3 and 10
AGT-0063,de,Koordinatenring,id-ID,gelanggang koordinat,,Brenner,admitted,Established lane terminology for the affine coordinate ring
AGT-0064,de,Einheitsideal,id-ID,ideal satuan,,Brenner,admitted,Names the ideal generated by the multiplicative identity
AGT-0065,de,Restekörper,id-ID,lapangan residu,lapangan sisa,Brenner,admitted,Distinguishes the residue field from a general quotient ring
AGT-0066,de,Erweiterungsideal,id-ID,ideal perluasan,,Brenner,admitted,Names the ideal generated after scalar or ring extension
AGT-0067,de,hauptoffene Menge,id-ID,himpunan terbuka utama,terbuka prinsipal,Brenner,admitted,Pairs the principal-open construction D(f) with established himpunan terminology
AGT-0068,de,K-Spektrum,id-ID,spektrum-K,spektrum K,Brenner,admitted,Preserves the base-field qualifier in the source construction
AGT-0069,de,Spektrumsabbildung,id-ID,pemetaan spektrum,,Brenner,admitted,Uses the established map equals pemetaan convention
AGT-0070,de,abgeschlossene Einbettung,id-ID,pembenaman tertutup,penyisipan tertutup,Brenner,admitted,Standard geometric rendering of a closed embedding
AGT-0071,de,Einsetzungshomomorphismus,id-ID,homomorfisme substitusi,homomorfisme evaluasi,Brenner,admitted,Names the substitution map while retaining its homomorphism structure
AGT-0072,de,Tensorprodukt,id-ID,hasil kali tensor,produk tensor,Brenner,admitted,Uses the established Indonesian hasil kali construction
AGT-0073,de,Produkttopologie,id-ID,topologi produk,,Brenner,admitted,Standard direct rendering of the product topology
AGT-0074,de,Identitätssatz,id-ID,teorema identitas,,Brenner,admitted,Standard name for the identity theorem in the comparison argument
AGT-0075,de,Funktor,id-ID,funktor,,whole_lane,admitted,Standard categorical term in Indonesian mathematical usage
AGT-0076,de,multiplikatives System,id-ID,sistem multiplikatif,,Brenner,admitted,Direct standard algebraic rendering used throughout Unit 13
AGT-0077,de,idempotentes Element,id-ID,unsur idempoten,elemen idempoten,Brenner,admitted,Preserves the established unsur terminology for ring elements
AGT-0078,de,Produktring,id-ID,gelanggang produk,cincin produk,Brenner,admitted,Consistent with the admitted gelanggang rendering of Ring
AGT-0079,de,zusammenhängender Ring,id-ID,gelanggang terhubung,,Brenner,admitted,Composes the admitted ring and connectedness terms transparently
AGT-0080,de,randlos oder clopen,id-ID,clopen,sekaligus terbuka dan tertutup,Brenner,admitted,Retains the internationally standard concise topology term after defining it explicitly
AGT-0081,de,saturiertes multiplikatives System,id-ID,sistem multiplikatif jenuh,,Brenner,admitted,Direct algebraic rendering with jenuh for saturation
AGT-0082,de,Nichtnullteiler,id-ID,unsur bukan pembagi nol,unsur reguler,Brenner,admitted,Transparent term that avoids ambiguity with a regular element in other contexts
AGT-0083,de,algebraische Funktion,id-ID,fungsi aljabar,fungsi algebraik,Brenner,admitted,Matches the established use of aljabar and distinguishes the local regular-function concept from a merely polynomial expression
AGT-0084,de,reguläre Funktion,id-ID,fungsi reguler,,Brenner,admitted,Standard concise synonym for an algebraic function on an open set
AGT-0085,de,Strukturring,id-ID,gelanggang struktur,,Brenner,admitted,Directly names the ring attached to an open set by the structure sheaf
AGT-0086,de,Schnittring,id-ID,gelanggang seksi,gelanggang irisan,Brenner,admitted,Uses section in the sheaf-theoretic sense rather than the unrelated set-theoretic meaning of intersection
AGT-0087,de,Strukturgarbe,id-ID,berkas struktur,,Brenner,admitted,Promotes the existing scheme-bridge term to the Brenner reader at its first classical-course occurrence
AGT-0088,de,Prägarbe,id-ID,praberkas,presheaf,Brenner,admitted,Transparent Indonesian formation paired with berkas and explicitly defined before use
AGT-0089,de,Garbe,id-ID,berkas,sheaf,Brenner,admitted,Established Indonesian mathematical rendering used consistently with berkas struktur
AGT-0090,de,Restriktionsabbildung,id-ID,pemetaan restriksi,pemetaan pembatasan,Brenner,admitted,Consistent with the lane convention that Abbildung is pemetaan and with standard function restriction terminology
AGT-0091,de,minimales Primideal,id-ID,ideal prima minimal,,Brenner,admitted,Preserves the order-theoretic qualifier without changing the algebraic object
AGT-0092,de,Ultrafilter,id-ID,ultrafilter,,Brenner,admitted,Retains the source label and immediately defines its course-specific maximal-multiplicative-system meaning
AGT-0093,de,holomorph,id-ID,holomorfik,,Brenner,admitted,Standard Indonesian complex-analysis adjective
AGT-0094,de,affine Varietät,id-ID,varietas afin,varietas affine,Brenner,admitted,Combines the established varietas and afin spellings at the first formal definition
AGT-0095,de,quasiaffine Varietät,id-ID,varietas kuasiafin,varietas kuasi-afin,Brenner,admitted,Uses the productive kuasi prefix without a hyphen and remains paired with varietas afin
AGT-0096,de,lokaler Ring,id-ID,gelanggang lokal,cincin lokal,Brenner,admitted,Standard commutative-algebra rendering consistent with the lane term gelanggang
AGT-0097,de,Lokalisierung an einem Primideal,id-ID,pelokalan pada ideal prima,lokalisasi pada ideal prima,Brenner,admitted,Extends the admitted pelokalan term with its exact prime-ideal qualifier
AGT-0098,de,topologischer Filter,id-ID,filter topologis,filter topologi,Brenner,admitted,Uses the established Indonesian adjective topologis for a topology-defined filter
AGT-0099,de,Umgebungsfilter,id-ID,filter lingkungan,filter ketetanggaan,Brenner,admitted,Pairs lingkungan with the established use of lingkungan terbuka for neighborhood
AGT-0100,de,gerichtete Menge,id-ID,himpunan terarah,himpunan terarah atas,Brenner,admitted,Standard order-theoretic rendering introduced with the direction convention
AGT-0101,de,gerichtetes System,id-ID,sistem terarah,sistem berarah,Brenner,admitted,Paired with himpunan terarah and the transition maps of the source definition
AGT-0102,de,Kolimes,id-ID,kolimit,limit langsung,Brenner,admitted,Uses the standard categorical borrowing and records the source synonym at first definition
AGT-0103,de,Halm,id-ID,tangkai,stalk,Brenner,admitted,Matches the admitted scheme-bridge term and defines it explicitly as a colimit
AGT-0104,de,Funktionenkörper,id-ID,lapangan fungsi,medan fungsi,Brenner,admitted,Extends the evidence-backed lapangan convention to the irreducible-variety function field
AGT-0105,de,direkter Limes,id-ID,limit langsung,limit direk,Brenner,admitted,Retains the familiar direct-limit synonym while using kolimit as the primary term
AGT-0106,de,irreduzibler Filter,id-ID,filter tak tereduksi,filter ireduksibel,Brenner,admitted,Composes the admitted filter topologis and tak tereduksi terms while preserving the source distinction from an ultrafilter
AGT-0107,de,generischer Filter,id-ID,filter generik,filter umum,Brenner,admitted,Uses the standard generik qualifier for the filter attached to an irreducible closed subset
AGT-0108,de,generischer Halm,id-ID,tangkai generik,tangkai umum,Brenner,admitted,Pairs the admitted tangkai term with the same generik qualifier as its filter
AGT-0109,de,Morphismus,id-ID,morfisme,morfisma,Brenner,admitted,Uses the established Indonesian algebraic-geometry borrowing and keeps pemetaan for the underlying map
AGT-0110,de,Faser,id-ID,serat,fiber,Brenner,admitted,Uses the established geometric term for the inverse image over a point
AGT-0111,de,erzwingende Algebra,id-ID,aljabar pemaksa,aljabar pemaksaan,Brenner,admitted,Transparent rendering of forcing algebra while the defining universal construction is stated explicitly
AGT-0112,de,Monoid,id-ID,monoid,,Brenner,admitted,Standard algebraic borrowing used with an explicit additive convention
AGT-0113,de,Monoidring,id-ID,gelanggang monoid,cincin monoid,Brenner,admitted,Extends the established gelanggang convention and keeps the construction visible
AGT-0114,de,Monoidhomomorphismus,id-ID,homomorfisme monoid,,Brenner,admitted,Parallel to the established homomorfisme algebra and ring terminology
AGT-0115,de,Grundring,id-ID,gelanggang dasar,cincin dasar,Brenner,admitted,Uses the established gelanggang convention for the coefficient ring of a monoid ring
AGT-0116,de,Laurent-Ring,id-ID,gelanggang Laurent,cincin Laurent,Brenner,admitted,Standard proper-name rendering for the localization with invertible variables
AGT-0117,de,R-wertiger Punkt,id-ID,titik bernilai R,titik R-valued,Brenner,admitted,Transparent rendering that preserves the coefficient-ring qualifier
AGT-0118,de,Differenzengruppe,id-ID,grup selisih,grup Grothendieck,Brenner,admitted,Literal course-facing term for the universal group completion while reserving the Grothendieck name as an alternate
AGT-0119,de,Kürzungsregel,id-ID,hukum pembatalan,hukum pencoretan,Brenner,admitted,Defines the cancellative law explicitly and records the familiar alternate wording
AGT-0120,de,Einheitengruppe,id-ID,grup satuan,,Brenner,admitted,Matches the established satuan rendering for invertible elements
AGT-0121,de,teilerstabil,id-ID,stabil terhadap pembagi,stabil-pembagi,Brenner,admitted,States the divisor-closure property directly in Indonesian
AGT-0122,de,Darstellung einer Gruppe,id-ID,representasi grup,perwakilan grup,Brenner,admitted,Standard representation-theory term used for a homomorphism into linear automorphisms
AGT-0123,de,monomiale Kurve,id-ID,kurva monomial,kurva monom,Brenner,admitted,Direct algebraic-geometric rendering tied to a monomial parametrization
AGT-0124,de,numerisches Monoid,id-ID,monoid numerik,monoid numeris,Brenner,admitted,Uses numerik for the discrete finitely generated submonoid of the natural numbers
AGT-0125,de,Führungszahl,id-ID,bilangan konduktor,bilangan penghantar,Brenner,admitted,Names the least threshold beyond which every natural number lies in the numerical monoid
AGT-0126,de,Einbettungsdimension,id-ID,dimensi penyematan,dimensi embedding,Brenner,admitted,Matches the established pembenaman family while naming the minimum generator count
AGT-0127,de,Multiplizität,id-ID,multiplisitas,multiplikitas,Brenner,admitted,Standard algebraic-geometry borrowing for the least positive element invariant
AGT-0128,de,Singularitätsgrad,id-ID,derajat singularitas,tingkat singularitas,Brenner,admitted,Transparent name for the number of gaps of a numerical monoid
AGT-0129,de,teilerfremd,id-ID,saling prima,relatif prima,Brenner,admitted,Standard Indonesian number-theory expression for a family with greatest common divisor one
AGT-0130,de,Restklassendarstellung,id-ID,penyajian sebagai gelanggang faktor,penyajian kelas sisa,Brenner,admitted,Names a quotient-ring presentation rather than a mere residue representative
AGT-0131,de,Ganzheit,id-ID,keintegralan,integralitas,Brenner,admitted,Established abstract-algebra noun paired with integral atas
AGT-0132,de,Ganzheitsgleichung,id-ID,persamaan keintegralan,persamaan integral,Brenner,admitted,Names the monic equation defining integrality
AGT-0133,de,ganzes Element,id-ID,unsur integral,elemen bulat,Brenner,admitted,Uses the standard integral-element terminology
AGT-0134,de,ganzer Abschluss,id-ID,penutupan integral,tutupan integral,Brenner,admitted,Uses the standard commutative-algebra construction name
AGT-0135,de,ganz abgeschlossen,id-ID,tertutup secara integral,tertutup integral,Brenner,admitted,Explicitly marks the integrality sense of closed
AGT-0136,de,ganzer Ringhomomorphismus,id-ID,homomorfisme integral,homomorfisme gelanggang integral,Brenner,admitted,Attaches integrality to the homomorphism without misreading the ambient rings
AGT-0137,de,adjungierte Matrix,id-ID,matriks adjugat (adjoin klasik),matriks adjoin,Brenner,admitted,Distinguishes the classical adjugate from an analytic adjoint
AGT-0138,de,binomiale Gleichung,id-ID,persamaan binomial,persamaan binom,Brenner,admitted,Standard term for an equation between two monomials
AGT-0139,de,gedrehte Kubik,id-ID,kurva kubik terpilin,kubik terpuntir,Brenner,admitted,Matches the frozen reader caption and identifies the twisted cubic as a curve
AGT-0140,de,Normalisierung,id-ID,normalisasi,,Brenner,admitted,Standard commutative-algebra term for integral closure inside the fraction field
AGT-0141,de,normaler Integritätsbereich,id-ID,domain integral normal,domain normal,Brenner,admitted,Keeps the integral-domain hypothesis explicit
AGT-0142,de,torsionsfrei,id-ID,bebas torsi,tanpa torsi,Brenner,admitted,Established algebraic term for the cancellation of positive multiples
AGT-0143,de,polyedrischer Kegel,id-ID,kerucut polihedral,kerucut poliedral,Brenner,admitted,Standard convex-geometric rendering used in the monoid-normalization argument
AGT-0144,de,Halbraum,id-ID,setengah ruang,setengah-ruang,Brenner,admitted,Natural Indonesian compound for a half-space defined by a linear inequality
AGT-0145,de,Führungsideal,id-ID,ideal konduktor,ideal penghantar,Brenner,admitted,Aligns the ideal with the admitted bilangan konduktor terminology
AGT-0146,de,duales Monoid,id-ID,monoid dual,monoid rangkap,Brenner,admitted,Standard dual-construction terminology
AGT-0147,de,Divisorenklassengruppe,id-ID,grup kelas pembagi,grup kelas divisor,Brenner,admitted,Transparent standard name for the divisor class group
AGT-0148,de,lokale Eigenschaft,id-ID,sifat lokal,properti lokal,Brenner,admitted,Standard mathematical usage for a property detected after localization
AGT-0149,de,Einheitswurzel,id-ID,akar satuan,akar unit,Brenner,admitted,Standard Indonesian complex-analysis and algebra term
AGT-0150,de,diskreter Bewertungsring,id-ID,gelanggang valuasi diskret,gelanggang penilaian diskret,Brenner,admitted,Uses the standard valuation-theory rendering and avoids the ordinary-language sense of assessment
AGT-0151,de,diskrete Bewertung,id-ID,valuasi diskret,penilaian diskret,Brenner,admitted,Standard Indonesian terminology for a surjective integer-valued valuation
AGT-0152,de,Ordnung (Bewertungstheorie),id-ID,orde,urutan,Brenner,admitted,Names the valuation exponent rather than an ordering relation
AGT-0153,de,Verschwindungsordnung,id-ID,orde pelenyapan,orde menghilang,Brenner,admitted,Standard algebraic-geometric term for multiplicity at a point
AGT-0154,de,Ortsuniformisierende,id-ID,uniformisator (pembangkit ideal maksimal),parameter penyeragam lokal,Brenner,admitted,Retains the conventional valuation-theory loanword while glossing its defining local role at first use
AGT-0155,de,formale Ableitung,id-ID,turunan formal,derivatif formal,Brenner,admitted,Matches established Indonesian calculus and algebra terminology
AGT-0156,de,formales Ableiten,id-ID,pendiferensialan formal,diferensiasi formal,Brenner,admitted,Names the operation rather than the resulting derivative
AGT-0157,de,mehrfache Nullstelle,id-ID,akar multipel,akar ganda,Brenner,admitted,Uses the standard polynomial-root term without suggesting multiplicity exactly two
AGT-0158,de,Potenzreihe,id-ID,deret pangkat,deret kuasa,Brenner,admitted,Established Indonesian analysis and algebra terminology
AGT-0159,de,Potenzreihenring,id-ID,gelanggang deret pangkat,cincin deret kuasa,Brenner,admitted,Combines the admitted ring and power-series terms consistently
AGT-0160,de,Idealprodukt,id-ID,hasil kali ideal,produk ideal,Brenner,admitted,Natural algebraic rendering consistent with products of submodules
AGT-0161,de,totale Teilbarkeitsbeziehung,id-ID,relasi keterbagian total,hubungan pembagian total,Brenner,admitted,Distinguishes the total comparability of divisibility from numerical division
AGT-0162,de,Primelement,id-ID,unsur prima,elemen prima,Brenner,admitted,Standard commutative-algebra term
AGT-0163,de,Assoziiertheit,id-ID,asosiasi,kesekawanan,Brenner,admitted,Names equivalence up to multiplication by a unit
AGT-0164,de,noethersch,id-ID,Noether,Noetherian,Brenner,admitted,Uses the established Indonesian adjectival form for rings and modules
AGT-0165,de,Untermodul,id-ID,submodul,modul bagian,Brenner,admitted,Standard module-theory terminology
AGT-0166,de,Restklassenmodul,id-ID,modul faktor,modul kelas residu,Brenner,admitted,Standard quotient-module terminology
AGT-0167,de,Restklassenkörper,id-ID,lapangan residu,lapangan kelas residu,Brenner,admitted,Standard local-algebra terminology for the residue field
AGT-0168,de,minimale Erzeugendenzahl,id-ID,banyak pembangkit minimal,jumlah generator minimum,Brenner,admitted,Names the minimum cardinality of a finite module or ideal generating family
AGT-0169,de,Kotangentialraum,id-ID,ruang kotangen,ruang kotangensial,Brenner,admitted,Standard algebraic-geometric term for m/m^2 over the residue field
AGT-0170,de,regulärer Ring,id-ID,gelanggang reguler,gelanggang teratur,Brenner,admitted,Uses the standard Indonesian spelling of the algebraic-geometry borrowing and avoids the ordinary sense of regular
AGT-0171,de,glatter Punkt,id-ID,titik mulus,titik licin,Brenner,admitted,Established Indonesian geometric term paired explicitly with nonsingular
AGT-0172,de,singulärer Punkt,id-ID,titik singular,titik singularitas,Brenner,admitted,Standard algebraic-geometry rendering and counterpart of titik mulus
AGT-0173,de,Tangente,id-ID,garis singgung,tangen,Brenner,admitted,Uses the familiar geometric term for the line determined by the lowest homogeneous component
AGT-0174,de,Tangentialabbildung,id-ID,pemetaan tangen,pemetaan tangensial,Brenner,admitted,Names the linear map given by the partial derivatives at a point
AGT-0175,de,totales Differential,id-ID,diferensial total,turunan total,Brenner,admitted,Standard multivariable-calculus synonym for the tangent map
AGT-0176,de,partielle Ableitung,id-ID,turunan parsial,derivatif parsial,Brenner,admitted,Standard Indonesian multivariable-calculus terminology
AGT-0177,de,Jacobi-Matrix,id-ID,matriks Jacobi,matriks Jacobian,Brenner,admitted,Uses the conventional proper-name form while preserving the matrix object
AGT-0178,de,Kettenregel,id-ID,aturan rantai,kaidah rantai,Brenner,admitted,Standard calculus term for composition of derivative maps
AGT-0179,de,geometrisch reduziert,id-ID,tereduksi secara geometris,tereduksi geometris,Brenner-editorial,admitted,Names reducedness after scalar extension to an algebraic closure in the visible Exercise 22.8 repair
AGT-0180,de,Kartesisches Blatt,id-ID,folium Descartes,daun Descartes,Brenner,admitted,Uses the standard international mathematical name rather than a literal Cartesian-sheet rendering
AGT-0181,de,lokale Diffeomorphie,id-ID,difeomorfisme lokal,kedifeomorfikan lokal,Brenner,admitted,Standard differential-geometric name for a diffeomorphism on suitable neighborhoods
AGT-0182,de,Derivation,id-ID,derivasi,turunan aljabar,Brenner,admitted,Standard algebraic term for a linear map satisfying the Leibniz rule
AGT-0183,de,Leibniz-Regel,id-ID,aturan Leibniz,kaidah Leibniz,Brenner,admitted,Preserves the conventional proper name for the product rule
AGT-0184,de,K-Algebra von endlichem Typ,id-ID,aljabar K bertipe hingga,aljabar K terhingga dihasilkan,Brenner,admitted,Matches finite-type algebra without conflating it with finite-dimensionality
AGT-0185,de,Hilbert-Samuel-Multiplizität,id-ID,multiplisitas Hilbert-Samuel,multipelitas Hilbert-Samuel,Brenner,admitted,Extends the admitted multiplisitas term to the named local invariant
AGT-0186,de,Krulldimension,id-ID,dimensi Krull,dimensi Krull gelanggang,Brenner,admitted,Standard eponymous commutative-algebra term
AGT-0187,de,Primidealkette,id-ID,rantai ideal prima,rantai prima,Brenner,admitted,Names a strict chain of prime ideals and preserves the ideal objects
AGT-0188,de,Reduktion,id-ID,reduksi,reduksi gelanggang,Brenner,admitted,Names the quotient of a ring by its nilradical in context
AGT-0189,de,Monoid-Ideal,id-ID,ideal monoid,ideal pada monoid,Brenner,admitted,Distinguishes a monoid ideal from the associated monomial ideal in the monoid ring
AGT-0190,de,numerische Multiplizität,id-ID,multiplisitas numerik,multiplisitas bilangan,Brenner,admitted,Names the least positive element invariant of a numerical monoid
AGT-0191,de,Hilbert-Funktion,id-ID,fungsi Hilbert,fungsi Hilbert-Samuel,Brenner,admitted,Uses the standard named function while retaining its local context
AGT-0192,de,homogene Zerlegung,id-ID,dekomposisi homogen,penguraian homogen,Brenner,admitted,Names decomposition into homogeneous components
AGT-0193,de,formale Potenzreihe,id-ID,deret pangkat formal,deret kuasa formal,Brenner,admitted,Extends the admitted power-series term while marking the algebraic formal-series setting
AGT-0194,de,eingesetzte Potenzreihe,id-ID,deret pangkat hasil substitusi,deret pangkat tersubstitusi,Brenner,admitted,Names the composed formal series without suggesting numerical evaluation
AGT-0195,de,Einsetzen,id-ID,substitusi,penyulihan,Brenner,admitted,Matches the admitted substitution-homomorphism terminology
AGT-0196,de,konstanter Term,id-ID,suku konstan,istilah konstan,Brenner,admitted,Standard polynomial and formal-series terminology
AGT-0197,de,Anfangsterm,id-ID,suku awal,suku terdepan,Brenner,admitted,Names the lowest-degree nonzero term in the local power-series context
AGT-0198,de,komponentenweise,id-ID,komponen demi komponen,secara komponen,Brenner,admitted,Makes coordinatewise action explicit in vector-valued maps
AGT-0199,de,Algebraautomorphismus,id-ID,automorfisme aljabar,automorfisma aljabar,Brenner,admitted,Standard Indonesian algebraic term for an algebra automorphism
AGT-0200,de,Ableitungsvektor,id-ID,vektor turunan,vektor derivatif,Brenner,admitted,Names the coordinate vector of derivatives without conflating it with a derivation
AGT-0201,de,Raumkurve,id-ID,kurva ruang,kurva spasial,Brenner,admitted,Standard geometry term for a curve embedded in affine three-space
AGT-0202,de,formale Parametrisierung,id-ID,parametrisasi formal,parametrisasi deret pangkat,Brenner,admitted,Names a parametrization by formal power series
AGT-0203,de,geordnetes s-Tupel,id-ID,s-tupel terurut,tuple-s terurut,Brenner,admitted,Preserves tuple order and the variable arity in coefficient formulas
AGT-0204,de,Nullteilerfreiheit,id-ID,tanpa pembagi nol,bebas pembagi nol,Brenner,admitted,Names the property used to prevent cancellation of leading coefficients
AGT-0205,de,Algebrahomomorphismus,id-ID,homomorfisme aljabar,pemetaan aljabar,Brenner,admitted,Preserves both the homomorphism structure and algebra category
AGT-0206,de,Hilbertscher Basissatz,id-ID,Teorema Basis Hilbert,teorema basis Hilbert,Brenner,admitted,Uses the established theorem name for Noetherian polynomial and power-series arguments
AGT-0207,de,glatte Kurve,id-ID,kurva mulus,kurva licin,Brenner,admitted,Extends the admitted smooth-point wording to curves
AGT-0208,de,konvergieren,id-ID,konvergen,memusat,Brenner,admitted,Uses standard Indonesian analysis terminology while distinguishing formal from analytic convergence
AGT-0209,de,Potenzreihenlösung,id-ID,solusi deret pangkat,solusi deret kuasa,Brenner,admitted,Names a formal power-series pair satisfying the curve equation
AGT-0210,de,Potenzreihenansatz,id-ID,pendekatan deret pangkat,ansatz deret pangkat,Brenner,admitted,Uses plain Indonesian for the coefficient-by-coefficient power-series method
AGT-0211,de,Anfangsbedingung,id-ID,syarat awal,kondisi awal,Brenner,admitted,Standard Indonesian term for prescribed constant coefficients or initial values
AGT-0212,de,einfacher Linearfaktor,id-ID,faktor linear sederhana,faktor linear bermultipisitas satu,Brenner,admitted,Preserves the multiplicity-one condition on a tangent-cone factor
AGT-0213,de,Kontaktordnung,id-ID,orde kontak,tingkat kontak,Brenner,admitted,Standard local-geometry term for the first nonzero substituted degree
AGT-0214,de,Graphenlösung,id-ID,solusi berbentuk grafik,solusi grafik,Brenner,admitted,Distinguishes a parametrized solution normalized to G(T)=T from an arbitrary formal parametrization
AGT-0215,de,Komplettierung,id-ID,kompletasi,pelengkapan,Brenner,admitted,Uses the established algebraic loanword for an inverse-limit completion and defines it at first use
AGT-0216,de,verträgliche Folge,id-ID,barisan kompatibel,keluarga kompatibel,Brenner,admitted,Names an inverse-system sequence whose residue classes agree under every transition map
AGT-0217,de,Ideal-adische Topologie,id-ID,topologi I-adik,topologi adik ideal,Brenner,admitted,Retains the named ideal I and the standard adic construction
AGT-0218,de,Umgebungsbasis,id-ID,basis lingkungan,basis persekitaran,Brenner,admitted,Standard topology term for a family generating all neighbourhoods of a point
AGT-0219,de,formale Laurentreihe mit endlichem Hauptteil,id-ID,deret Laurent formal dengan bagian utama berhingga,deret Laurent formal berbuntut negatif berhingga,Brenner,admitted,States explicitly that only finitely many negative powers occur
AGT-0220,de,Tangentenparameter,id-ID,parameter garis singgung,parameter tangen,Brenner,admitted,Names the linear coefficient pair determining the tangent direction of a formal parametrization
AGT-0221,de,Schnittmultiplizität,id-ID,multiplisitas perpotongan,multiplikitas irisan,Brenner,admitted,Uses the standard local-intersection term and keeps it distinct from the multiplicity of one curve at a point
AGT-0222,de,transversaler Schnitt,id-ID,perpotongan transversal,irisan melintang,Brenner,admitted,Names a smooth intersection whose two tangent lines are distinct
AGT-0223,de,gemeinsame Komponente,id-ID,komponen bersama,komponen sekutu,Brenner,admitted,States the component-sharing obstruction under which local intersection multiplicity is not finite
AGT-0224,de,gemeinsamer Primteiler,id-ID,pembagi prima bersama,faktor prima bersama,Brenner,admitted,Preserves the UFD formulation equivalent to two plane curves having a common component
AGT-0225,de,Restdimension,id-ID,dimensi hasil bagi,dimensi residu,Brenner,admitted,Names the finite vector-space dimension of the relevant local quotient rather than a residue-field degree
AGT-0226,de,an einem Punkt lokalisieren,id-ID,melokalkan pada titik,melokalisasi pada titik,Brenner,admitted,Uses the admitted pelokalan family for passage from the global coordinate ring to the local ring at a point
AGT-0227,de,Chinesischer Restsatz,id-ID,Teorema Sisa Cina,Teorema Residu Cina,Brenner,admitted,Uses the conventional Indonesian name for the Chinese remainder theorem
AGT-0228,de,Produktdarstellung,id-ID,dekomposisi produk,representasi produk,Brenner,admitted,Names the canonical decomposition of a zero-dimensional Noetherian ring into its local factors
AGT-0229,de,Summenformel für Schnittmultiplizität,id-ID,rumus aditivitas multiplisitas perpotongan,rumus jumlah multiplisitas perpotongan,Brenner,admitted,Highlights additivity over irreducible factors and their exponents
AGT-0230,de,projektiver Raum,id-ID,ruang proyektif,ruang projektif,Brenner,admitted,Uses the Indonesian academic geometry spelling proyektif and names the quotient of nonzero homogeneous coordinates
AGT-0231,de,homogene Koordinaten,id-ID,koordinat homogen,koordinat homogeneous,Brenner,admitted,Pairs the admitted homogen spelling with the standard coordinate term
AGT-0232,de,offene Standardüberdeckung mit affinen Räumen,id-ID,penutup terbuka standar oleh ruang afin,penyelubungan afin standar,Brenner,admitted,Names the cover by the n plus one standard affine charts D_+(X_i)
AGT-0233,de,projektive Gerade,id-ID,garis proyektif,garis projektif,Brenner,admitted,Uses garis consistently for one-dimensional projective space
AGT-0234,de,projektive Ebene,id-ID,bidang proyektif,bidang projektif,Brenner,admitted,Uses bidang consistently for two-dimensional projective space
AGT-0235,de,unendlich ferner Punkt,id-ID,titik di tak hingga,titik tak terhingga,Brenner,admitted,Uses the conventional geometric phrase for the chart-dependent point at infinity
AGT-0236,de,projektive Nullstellenmenge,id-ID,himpunan titik nol proyektif,lokus nol proyektif,Brenner,admitted,Extends the lane's titik nol terminology to a homogeneous polynomial on projective space
AGT-0237,de,projektives Nullstellengebilde,id-ID,himpunan titik nol proyektif,lokus nol proyektif,Brenner,admitted,Uses the same transparent rendering for the common zero set of a homogeneous ideal
AGT-0238,de,homogenes Ideal,id-ID,ideal homogen,ideal homogeneous,Brenner,admitted,Composes the admitted ideal and homogen terminology for a graded ideal closed under homogeneous components
AGT-0239,de,projektive Varietät,id-ID,varietas proyektif,varietas projektif,Brenner,admitted,Extends the admitted varietas afin spelling to projective zero loci
AGT-0240,de,Kegelabbildung,id-ID,pemetaan kerucut,peta kerucut,Brenner,admitted,Follows the lane convention that Abbildung maps to pemetaan for the quotient map from the punctured affine cone
AGT-0241,de,Quotiententopologie,id-ID,topologi hasil bagi,topologi kuosien,Brenner,admitted,Uses the standard Indonesian construction term for the final topology of a quotient map
AGT-0242,de,topologische Mannigfaltigkeit,id-ID,manifold topologis,lipatan topologis,Brenner,admitted,Uses the widely recognized manifold loanword and distinguishes the topological category
AGT-0243,de,Sättigung oder Saturierung,id-ID,penjenuhan atau saturasi,saturisasi,Brenner,admitted,Names the homogeneous-ideal operation by powers of the irrelevant ideal and retains the familiar loanword as an explicit synonym
AGT-0244,de,irrelevantes Ideal,id-ID,ideal irelevan,ideal tak relevan,Brenner,admitted,Uses the conventional graded-ring name for the ideal generated by all positive-degree variables
AGT-0245,de,projektiv-linearer Unterraum,id-ID,subruang linear proyektif,subruang projektif-linear,Brenner,admitted,Preserves both the linear origin in the affine cone and the projective quotient
AGT-0246,de,homogene Linearform,id-ID,bentuk linear homogen,forma linear homogen,Brenner,admitted,Uses bentuk linear for a degree-one homogeneous polynomial
AGT-0247,de,Sphäre,id-ID,sfera,permukaan bola,Brenner,admitted,Retains the precise topological sphere rather than conflating it with the solid ball
AGT-0248,de,hausdorffsch,id-ID,bersifat Hausdorff,Hausdorffian,Brenner,admitted,Uses the standard named separation property as an Indonesian predicate
AGT-0249,de,antipodale Punkte,id-ID,titik-titik antipodal,titik berseberangan pada sfera,Brenner,admitted,Names the opposite-point identification in the spherical model of real projective space
AGT-0250,de,homogener Koordinatenring,id-ID,gelanggang koordinat homogen,gelanggang koordinat bergradasi,Brenner,admitted,Extends the admitted coordinate-ring and homogeneous terminology to a projective zero locus
AGT-0251,de,quasiprojektive Varietät,id-ID,varietas kuasiprojektif,varietas semi-proyektif,Brenner,admitted,Uses the transparent loanword for an open subvariety of a projective variety
AGT-0252,de,projektiver Abschluss,id-ID,penutupan proyektif,penutup proyektif,Brenner,admitted,Names the Zariski closure of an affine variety in projective space
AGT-0253,de,projektive ebene Kurve,id-ID,kurva bidang proyektif,kurva proyektif bidang,Brenner,admitted,Uses bidang as the ambient projective plane and keeps the curve category explicit
AGT-0254,de,Fermat-Kurve,id-ID,kurva Fermat,kurva Fermat proyektif,Brenner,admitted,Uses the standard proper name for the homogeneous plane curve
AGT-0255,de,Geschlecht,id-ID,genus,jenis,Brenner,admitted,Uses the established invariant name rather than the ordinary Indonesian word for kind
AGT-0256,de,Henkel,id-ID,gagang,pegangan,Brenner,admitted,Names the topological handle in the surface classification without confusing it with genus itself
AGT-0257,de,elliptische Kurve,id-ID,kurva eliptik,kurva elliptik,Brenner,admitted,Uses the standard Indonesian spelling while recording the source's genus-one convention
AGT-0258,de,Riemannsche Fläche,id-ID,permukaan Riemann,manifold Riemann,Brenner,admitted,Uses the standard proper-name term for a one-dimensional complex manifold
AGT-0259,de,erste Kohomologiegruppe der Strukturgarbe,id-ID,grup kohomologi pertama berkas struktur,kohomologi satu berkas struktur,Brenner,admitted,Preserves both the cohomological degree and the structure-sheaf object
AGT-0260,de,globale Differentialformen,id-ID,bentuk diferensial global,forma diferensial global,Brenner,admitted,Uses bentuk diferensial consistently for global one-forms on the curve
AGT-0261,de,Projektion weg von einem Punkt,id-ID,proyeksi dari sebuah titik,proyeksi menjauhi sebuah titik,Brenner,admitted,Names projection from its center in standard geometric language
AGT-0262,de,Geradenbündel,id-ID,bundel garis,berkas garis lurus,Brenner,admitted,Preserves the geometric family-of-lines meaning without confusing it with a line bundle
AGT-0263,de,parametrisierte projektive ebene Kurve,id-ID,kurva bidang proyektif terparametrisasi,kurva bidang proyektif berparameter,Brenner,admitted,Uses the established parametrisasi family consistently with the explicit map from projective one-space
AGT-0264,de,projektive monomiale Kurve,id-ID,kurva proyektif monomial,kurva monomial projektif,Brenner,admitted,Extends the admitted monomial-curve term to the projective closure
AGT-0265,de,asymptotisch,id-ID,secara asimtotik,secara mendekati asimtot,Brenner,admitted,Uses the standard Indonesian mathematical adverb for the source geometric interpretation
AGT-0266,de,Satz von Bézout,id-ID,Teorema Bézout,dalil Bézout,Brenner,admitted,Uses the standard theorem label and preserves the proper name
AGT-0267,de,Stufe eines graduierten Rings,id-ID,komponen derajat dari gelanggang bergradasi,tingkat gelanggang bergradasi,Brenner,admitted,Names the homogeneous graded piece rather than translating Stufe as an ordering level
AGT-0268,de,exakte Sequenz,id-ID,barisan eksak,urutan eksak,Brenner,admitted,Extends the admitted short-exact-sequence term to arbitrary exact sequences
AGT-0269,de,Modulhomomorphismus,id-ID,homomorfisme modul,pemetaan linear modul,Brenner,admitted,Uses the standard algebraic homomorphism term
AGT-0270,de,Hom-Funktor,id-ID,funktor Hom,funktor homomorfisme,Brenner,admitted,Preserves the conventional named functor notation
AGT-0271,de,Schnittpunkt,id-ID,titik perpotongan,titik irisan,Brenner,admitted,Uses the established geometric term consistently with multiplisitas perpotongan
AGT-0272,de,Gesamtschnittzahl,id-ID,jumlah total multiplisitas perpotongan,jumlah titik perpotongan,Brenner,admitted,Distinguishes the multiplicity-weighted total from the number of distinct points
AGT-0273,de,Neilsche Parabel,id-ID,parabola Neil,parabola semikubik,Brenner,admitted,Preserves the source proper name for the cuspidal cubic example
AGT-0274,de,Einheitskreis,id-ID,lingkaran satuan,lingkaran unit,Brenner,admitted,Uses the standard Indonesian geometric term
AGT-0275,de,Fermat-Kubik,id-ID,kubik Fermat,kurva kubik Fermat,Brenner,admitted,Uses the standard proper-name construction for the degree-three Fermat curve
AGT-0276,de,homogener Restklassenring,id-ID,gelanggang faktor bergradasi oleh ideal homogen,gelanggang faktor homogen,Brenner,admitted,Renders the quotient structure semantically and avoids implying that every residue class is homogeneous
