ordinal,pageid,namespace,kind,title,revid,parentid,timestamp,mediawiki_sha1,wikitext_bytes
1,165855,106,course_root,Kurs:Algebraische Kurven (Osnabrück 2025-2026),1074230,1033797,2026-03-05T17:37:16Z,c57a12e31db00f384820f6667f3ebbb03d0dc542,541
2,167055,106,course_local_other,Kurs:Algebraische Kurven (Osnabrück 2025-2026)/Affin-algebraische Mengen/Affin-linear äquivalent/Impliziert isomorphen Restklassenring/Fakt/Faktreferenznummer,1055530,0,2025-10-15T12:08:48Z,677a1e7532b771f832bca3e8af4c4af0cb950205,44
3,166400,106,course_local_other,Kurs:Algebraische Kurven (Osnabrück 2025-2026)/Affin-algebraische Mengen/Affiner Raum/Unendlicher Körper/Koordinatenring ist Polynomring/Fakt/Faktreferenznummer,1051358,0,2025-08-18T08:08:54Z,2fedbe163021f7cec138758f8bb44bdf0186cf15,45
4,167199,106,course_local_other,Kurs:Algebraische Kurven (Osnabrück 2025-2026)/Affin-algebraische Teilmengen/Zerlegung in irreduzible Komponenten/Fakt/Faktreferenznummer,1056168,0,2025-10-21T09:42:08Z,f6f6383647b6725f6e83bc844df74c244242b0d9,45
5,166516,106,course_local_other,Kurs:Algebraische Kurven (Osnabrück 2025-2026)/Affine Ebene/Rationale Abbildung/Bild ist algebraisch/Fakt/Faktreferenznummer,1051509,0,2025-08-18T08:53:40Z,9156ab695cf2fc3ccd6f536ed61f4deb48e15cd2,45
6,166476,106,course_local_other,"Kurs:Algebraische Kurven (Osnabrück 2025-2026)/Affine Ebene/y ist 2x^4+3x^2-x+1/(1,5)/Transformation auf Nullpunkt, Tangente auf x-Achse/Aufgabe/Aufgabereferenznummer",1062625,1062222,2025-12-18T15:12:03Z,7918e722a62ff21d47e08f7048de53edac08aab9,48
7,166461,106,course_local_other,Kurs:Algebraische Kurven (Osnabrück 2025-2026)/Affine Kurven/Monomiale Kurven/Beschreibende binomiale Gleichungen/Fakt/Faktreferenznummer,1051446,0,2025-08-18T08:30:18Z,ff03dfe9d1c3a2c765afad3595d9396ac2e0a2ae,45
8,166517,106,course_local_other,Kurs:Algebraische Kurven (Osnabrück 2025-2026)/Affine Kurven/Monomiale Kurvenabbildung/Ist Normalisierung/Fakt/Faktreferenznummer,1062475,1051510,2025-12-16T10:05:49Z,8015ee98186703d744be055d50bc827bc3fc5f7a,46
9,166368,106,course_local_other,Kurs:Algebraische Kurven (Osnabrück 2025-2026)/Affine Quadriken in zwei Variablen/Erste Reduktion/Fakt/Faktreferenznummer,1051303,0,2025-08-18T07:37:48Z,7dbf8eb7c4856b12267e7197eb4a611e40740635,45
10,166347,106,course_local_other,Kurs:Algebraische Kurven (Osnabrück 2025-2026)/Affine Räume/K unendlich/Bild unter polynomialer Abbildung/ist irreduzibel/Fakt/Faktreferenznummer,1051277,0,2025-08-18T07:29:29Z,7aa1e9d34f5e6692df7087d1bb69ead7bc5803d7,45
11,166509,106,course_local_other,Kurs:Algebraische Kurven (Osnabrück 2025-2026)/Affine Varietät/Projektiver Abschluss/Beschreibung mit Homogenisierung/Fakt/Faktreferenznummer,1051500,0,2025-08-18T08:52:30Z,3569350524b17eaba6cfb8c1f7bdaf6550bbe614,45
12,166401,106,course_local_other,Kurs:Algebraische Kurven (Osnabrück 2025-2026)/Affine Varietäten/Algebraisch abgeschlossener Körper/D(f i) überdeckt/Erzeugt Einheitsideal/Fakt/Faktreferenznummer,1051359,0,2025-08-18T08:09:04Z,038b81621d78096be5c6ba2c037196de29783baf,50
13,167636,106,course_local_other,Kurs:Algebraische Kurven (Osnabrück 2025-2026)/Affine Varietäten/Hilbertscher Nullstellensatz (geometrisch)/Algebraisch abgeschlossen/Fakt/Faktreferenznummer,1059477,0,2025-11-21T09:21:35Z,4d19673d579b4e7099a045f1b4caa57a1e596a33,50
14,166357,106,course_local_other,Kurs:Algebraische Kurven (Osnabrück 2025-2026)/Affine Varietäten/Irreduzible Teilmengen/Primideale/Fakt/Faktreferenznummer,1051288,0,2025-08-18T07:31:09Z,b8b89bc66e22925c9e343f29fbeadc2e25e4d24d,45
15,166369,106,course_local_other,Kurs:Algebraische Kurven (Osnabrück 2025-2026)/Affine Varietäten/Irreduzible Teilmengen/Schnitt von zwei gleichgroßen Zylindern/Zwei Kreise/Beispiel/Beispielreferenznummer,1051304,0,2025-08-18T07:38:28Z,e8375814a00b1ccc8a0723622ca93872960ea2ad,48
16,166407,106,course_local_other,Kurs:Algebraische Kurven (Osnabrück 2025-2026)/Affine Varietäten/K-Spektren als Funktor/Fakt/Faktreferenznummer,1051366,0,2025-08-18T08:10:14Z,c4b7848eaaaa0068283c1cd9f30e5abfe1fbbf1d,45
17,166412,106,course_local_other,Kurs:Algebraische Kurven (Osnabrück 2025-2026)/Affine Varietäten/K-Spektrum/D(f) als K-Spek von R f/Bemerkung/Bemerkungreferenznummer,1051373,0,2025-08-18T08:11:34Z,964e9099d49baf50c2408a299bbd4fb5765e1665,50
18,166413,106,course_local_other,Kurs:Algebraische Kurven (Osnabrück 2025-2026)/Affine Varietäten/K-Spektrum/D(f) als K-Spek von R f/Fakt/Faktreferenznummer,1051374,0,2025-08-18T08:11:44Z,4b543a498f2e21500d6445eb5eb4edb8c65dc6ef,45
19,166352,106,course_local_other,Kurs:Algebraische Kurven (Osnabrück 2025-2026)/Affine Varietäten/Polynomring und affiner Raum/Idealinklusion und Nullstellenmenge/Fakt/Faktreferenznummer,1051282,0,2025-08-18T07:30:19Z,6330463825e14f8cf5f67893d2dd3250a43fd308,45
20,166353,106,course_local_other,Kurs:Algebraische Kurven (Osnabrück 2025-2026)/Affine Varietäten/Vereinigung und Durchschnitt von affin-algebraischen Mengen im affinen Raum/Fakt/Faktreferenznummer,1051283,0,2025-08-18T07:30:29Z,713e8d1742ecef5eaacb2dc523c00bf323fd9dfd,51
21,166402,106,course_local_other,Kurs:Algebraische Kurven (Osnabrück 2025-2026)/Affine Varietäten/Verschwindungsideal zu Teilmenge/Definition/Definitionreferenznummer,1051360,0,2025-08-18T08:09:14Z,ae6444f6cf137a2046ed618ba2c2d022a3d75148,50
22,166403,106,course_local_other,Kurs:Algebraische Kurven (Osnabrück 2025-2026)/Affine Varietäten/Verschwindungsideal zu Teilmenge/ist Radikal/Fakt/Faktreferenznummer,1051361,0,2025-08-18T08:09:24Z,3de97bb3c60efc594704e66984be86537eff33a0,46
23,166354,106,course_local_other,Kurs:Algebraische Kurven (Osnabrück 2025-2026)/Affine Varietäten/Verschwindungsideal zu Teilmenge/Nullstellengebilde/Beziehung/Fakt/Faktreferenznummer,1051284,0,2025-08-18T07:30:39Z,5a6d9e1a6df267c382713bb9ca4a78d2dc921537,45
24,166416,106,course_local_other,Kurs:Algebraische Kurven (Osnabrück 2025-2026)/Affine Varietäten/Verschwindungsideal/Antimonotonie/Fakt/Faktreferenznummer,1051378,0,2025-08-18T08:12:24Z,900f5d8ed081cc13768b3e1c9bf2e0248b62d27f,45
25,166445,106,course_local_other,Kurs:Algebraische Kurven (Osnabrück 2025-2026)/Affine-algebraische Mengen/Koordinatenring/Grundeigenschaften/Fakt/Faktreferenznummer,1051427,0,2025-08-18T08:27:28Z,c3074799657905e81ddedf6e7dede6c625f2e22e,52
26,166386,106,course_local_other,Kurs:Algebraische Kurven (Osnabrück 2025-2026)/Affiner Raum/Algebraisch abgeschlossener Körper/D(f i) überdeckt/Erzeugt Einheitsideal/Fakt/Faktreferenznummer,1051341,0,2025-08-18T08:06:34Z,fade6c2350b71db0346d3ca9d18988793b3a59de,49
27,166404,106,course_local_other,Kurs:Algebraische Kurven (Osnabrück 2025-2026)/Affiner Raum/Hilbertscher Nullstellensatz (geometrisch)/Algebraisch abgeschlossen/Fakt/Faktreferenznummer,1051362,0,2025-08-18T08:09:34Z,8a4f548e63f251a1da89be037f736bd2e38e68c6,45
28,166355,106,course_local_other,Kurs:Algebraische Kurven (Osnabrück 2025-2026)/Affiner Raum/Punktideal/Maximal/Aufgabe/Aufgabereferenznummer,1051285,0,2025-08-18T07:30:49Z,bde893903c5dba7c96338255e03d4eb4ab758e4e,48
29,166360,106,course_local_other,Kurs:Algebraische Kurven (Osnabrück 2025-2026)/Affiner Raum/Zariski-Topologie/Zariski-Abschluss ist V zu Verschwindungsideal/Fakt/Faktreferenznummer,1051292,0,2025-08-18T07:32:19Z,f73c8e2741013496a62975c64d73b09e37ced731,46
30,165865,106,course_local_other,Kurs:Algebraische Kurven (Osnabrück 2025-2026)/Aktuelles,1079130,1076325,2026-05-10T10:15:21Z,0e00734f57f2d986adf6f2e5b8f96463fe9e9ad8,213
31,166343,106,course_local_other,Kurs:Algebraische Kurven (Osnabrück 2025-2026)/Algebraische ebene Kurven/Beispiele/1/Skizziere/Aufgabe/Aufgabereferenznummer,1055481,1051272,2025-10-15T08:46:53Z,49cbb770e36c3c8790e194ab3e5745d36de32200,47
32,166387,106,course_local_other,Kurs:Algebraische Kurven (Osnabrück 2025-2026)/Algebren von endlichem Typ über Körper/Algebraisch abgeschlossen/Maximale Ideale sind Punktideal/Fakt/Faktreferenznummer,1051342,0,2025-08-18T08:06:44Z,fa6d7bfef1bf49680ae905a4933b87af125bd70c,46
33,166390,106,course_local_other,Kurs:Algebraische Kurven (Osnabrück 2025-2026)/Algebren von endlichem Typ über Körper/Homomorphismen/Urbild von maximalem Ideal ist maximal/Fakt/Faktreferenznummer,1051346,0,2025-08-18T08:07:14Z,615aeb5c4b888fee0c42f9ebcf23eb6c7d53e0d1,45
34,166405,106,course_local_other,Kurs:Algebraische Kurven (Osnabrück 2025-2026)/Algebren von endlichem Typ über Körper/Radikal ist Durchschnitt von maximalen Idealen/Fakt/Faktreferenznummer,1051363,0,2025-08-18T08:09:54Z,ab76022bdaef4e100fa1b27356654be7b7c4bda0,45
35,165920,106,worksheet,Kurs:Algebraische Kurven (Osnabrück 2025-2026)/Arbeitsblatt 1,1108097,1108094,2026-07-20T09:11:56Z,055d0c31d16df3d158cd4e864c701a061a337160,3258
36,166044,106,worksheet_control,Kurs:Algebraische Kurven (Osnabrück 2025-2026)/Arbeitsblatt 1/kontrolle,1033092,0,2025-08-11T14:05:46Z,b4fb7a17c1cd89774d7dbd81e7be5e7a5a6c6d9b,13
37,166014,106,worksheet_latex,Kurs:Algebraische Kurven (Osnabrück 2025-2026)/Arbeitsblatt 1/latex,1033061,0,2025-08-11T14:00:46Z,3034e92c1843eab298fb5f6f859d2c89cf824d61,9
38,165929,106,worksheet,Kurs:Algebraische Kurven (Osnabrück 2025-2026)/Arbeitsblatt 10,1058833,1058753,2025-11-13T14:59:04Z,48ce873997cecbd45efdceb3a7caa19ae7844876,3652
39,166053,106,worksheet_control,Kurs:Algebraische Kurven (Osnabrück 2025-2026)/Arbeitsblatt 10/kontrolle,1033102,0,2025-08-11T14:07:16Z,b4fb7a17c1cd89774d7dbd81e7be5e7a5a6c6d9b,13
40,166023,106,worksheet_latex,Kurs:Algebraische Kurven (Osnabrück 2025-2026)/Arbeitsblatt 10/latex,1033070,0,2025-08-11T14:02:16Z,3034e92c1843eab298fb5f6f859d2c89cf824d61,9
41,165930,106,worksheet,Kurs:Algebraische Kurven (Osnabrück 2025-2026)/Arbeitsblatt 11,1062657,1059295,2025-12-19T12:03:06Z,1b95cc02cb9d0260971c1fa369afc8969fa13262,2988
42,166054,106,worksheet_control,Kurs:Algebraische Kurven (Osnabrück 2025-2026)/Arbeitsblatt 11/kontrolle,1033103,0,2025-08-11T14:07:26Z,b4fb7a17c1cd89774d7dbd81e7be5e7a5a6c6d9b,13
43,166024,106,worksheet_latex,Kurs:Algebraische Kurven (Osnabrück 2025-2026)/Arbeitsblatt 11/latex,1033071,0,2025-08-11T14:02:26Z,3034e92c1843eab298fb5f6f859d2c89cf824d61,9
44,165931,106,worksheet,Kurs:Algebraische Kurven (Osnabrück 2025-2026)/Arbeitsblatt 12,1067822,1060180,2026-01-30T07:25:08Z,c65053c29d4a96d478740742ae6d7157b48019fe,4287
45,166055,106,worksheet_control,Kurs:Algebraische Kurven (Osnabrück 2025-2026)/Arbeitsblatt 12/kontrolle,1033104,0,2025-08-11T14:07:36Z,b4fb7a17c1cd89774d7dbd81e7be5e7a5a6c6d9b,13
46,166025,106,worksheet_latex,Kurs:Algebraische Kurven (Osnabrück 2025-2026)/Arbeitsblatt 12/latex,1033072,0,2025-08-11T14:02:36Z,3034e92c1843eab298fb5f6f859d2c89cf824d61,9
47,165932,106,worksheet,Kurs:Algebraische Kurven (Osnabrück 2025-2026)/Arbeitsblatt 13,1065092,1060081,2026-01-15T10:23:01Z,20d30f0f2a09974c436262bbe20c0fab3fa34faa,4584
48,166056,106,worksheet_control,Kurs:Algebraische Kurven (Osnabrück 2025-2026)/Arbeitsblatt 13/kontrolle,1033105,0,2025-08-11T14:07:46Z,b4fb7a17c1cd89774d7dbd81e7be5e7a5a6c6d9b,13
49,166026,106,worksheet_latex,Kurs:Algebraische Kurven (Osnabrück 2025-2026)/Arbeitsblatt 13/latex,1033073,0,2025-08-11T14:02:46Z,3034e92c1843eab298fb5f6f859d2c89cf824d61,9
50,165933,106,worksheet,Kurs:Algebraische Kurven (Osnabrück 2025-2026)/Arbeitsblatt 14,1061213,1060086,2025-12-04T10:14:37Z,3313c0d85b8477557eca2efe9b74d71d3b712a4b,4456
51,166057,106,worksheet_control,Kurs:Algebraische Kurven (Osnabrück 2025-2026)/Arbeitsblatt 14/kontrolle,1033106,0,2025-08-11T14:07:56Z,b4fb7a17c1cd89774d7dbd81e7be5e7a5a6c6d9b,13
52,166027,106,worksheet_latex,Kurs:Algebraische Kurven (Osnabrück 2025-2026)/Arbeitsblatt 14/latex,1033074,0,2025-08-11T14:02:56Z,3034e92c1843eab298fb5f6f859d2c89cf824d61,9
53,165934,106,worksheet,Kurs:Algebraische Kurven (Osnabrück 2025-2026)/Arbeitsblatt 15,1062620,1062169,2025-12-18T15:03:34Z,346fec4a9ab11ba39f42f25198e5adfc26d6c71c,3902
54,166058,106,worksheet_control,Kurs:Algebraische Kurven (Osnabrück 2025-2026)/Arbeitsblatt 15/kontrolle,1033107,0,2025-08-11T14:08:06Z,b4fb7a17c1cd89774d7dbd81e7be5e7a5a6c6d9b,13
55,166028,106,worksheet_latex,Kurs:Algebraische Kurven (Osnabrück 2025-2026)/Arbeitsblatt 15/latex,1033075,0,2025-08-11T14:03:06Z,3034e92c1843eab298fb5f6f859d2c89cf824d61,9
56,165935,106,worksheet,Kurs:Algebraische Kurven (Osnabrück 2025-2026)/Arbeitsblatt 16,1067952,1062602,2026-01-30T14:56:38Z,5aee338323cba27122a11b018b7ed938761b3d2f,2488
57,166059,106,worksheet_control,Kurs:Algebraische Kurven (Osnabrück 2025-2026)/Arbeitsblatt 16/kontrolle,1033108,0,2025-08-11T14:08:16Z,b4fb7a17c1cd89774d7dbd81e7be5e7a5a6c6d9b,13
58,166029,106,worksheet_latex,Kurs:Algebraische Kurven (Osnabrück 2025-2026)/Arbeitsblatt 16/latex,1033076,0,2025-08-11T14:03:16Z,3034e92c1843eab298fb5f6f859d2c89cf824d61,9
59,165936,106,worksheet,Kurs:Algebraische Kurven (Osnabrück 2025-2026)/Arbeitsblatt 17,1068111,1062139,2026-01-31T10:26:12Z,1d9cda72f556181cf9d9e50c3784c41ddaa96888,4408
60,166060,106,worksheet_control,Kurs:Algebraische Kurven (Osnabrück 2025-2026)/Arbeitsblatt 17/kontrolle,1033110,0,2025-08-11T14:08:26Z,b4fb7a17c1cd89774d7dbd81e7be5e7a5a6c6d9b,13
61,166030,106,worksheet_latex,Kurs:Algebraische Kurven (Osnabrück 2025-2026)/Arbeitsblatt 17/latex,1033077,0,2025-08-11T14:03:26Z,3034e92c1843eab298fb5f6f859d2c89cf824d61,9
62,165937,106,worksheet,Kurs:Algebraische Kurven (Osnabrück 2025-2026)/Arbeitsblatt 18,1062146,1057229,2025-12-10T15:25:27Z,283fabbf95717c759b92d7845d97cbf77c0dcbd9,3315
63,166061,106,worksheet_control,Kurs:Algebraische Kurven (Osnabrück 2025-2026)/Arbeitsblatt 18/kontrolle,1033111,0,2025-08-11T14:08:36Z,b4fb7a17c1cd89774d7dbd81e7be5e7a5a6c6d9b,13
64,166031,106,worksheet_latex,Kurs:Algebraische Kurven (Osnabrück 2025-2026)/Arbeitsblatt 18/latex,1033079,0,2025-08-11T14:03:36Z,3034e92c1843eab298fb5f6f859d2c89cf824d61,9
65,165938,106,worksheet,Kurs:Algebraische Kurven (Osnabrück 2025-2026)/Arbeitsblatt 19,1068448,1068123,2026-02-02T08:21:09Z,353782c5c739a0355fe7943ae88af68b2b9f4618,1674
66,166062,106,worksheet_control,Kurs:Algebraische Kurven (Osnabrück 2025-2026)/Arbeitsblatt 19/kontrolle,1033112,0,2025-08-11T14:08:46Z,b4fb7a17c1cd89774d7dbd81e7be5e7a5a6c6d9b,13
67,166032,106,worksheet_latex,Kurs:Algebraische Kurven (Osnabrück 2025-2026)/Arbeitsblatt 19/latex,1033080,0,2025-08-11T14:03:46Z,3034e92c1843eab298fb5f6f859d2c89cf824d61,9
68,165921,106,worksheet,Kurs:Algebraische Kurven (Osnabrück 2025-2026)/Arbeitsblatt 2,1062654,1062158,2025-12-19T11:52:22Z,37a2abba78dc4a43846840da237f022d4576adfe,3720
69,166045,106,worksheet_control,Kurs:Algebraische Kurven (Osnabrück 2025-2026)/Arbeitsblatt 2/kontrolle,1033093,0,2025-08-11T14:05:56Z,b4fb7a17c1cd89774d7dbd81e7be5e7a5a6c6d9b,13
70,166015,106,worksheet_latex,Kurs:Algebraische Kurven (Osnabrück 2025-2026)/Arbeitsblatt 2/latex,1033062,0,2025-08-11T14:00:56Z,3034e92c1843eab298fb5f6f859d2c89cf824d61,9
71,165939,106,worksheet,Kurs:Algebraische Kurven (Osnabrück 2025-2026)/Arbeitsblatt 20,1062603,1062601,2025-12-18T10:53:10Z,97db112f709b6ab16f89b88f6d4e3da127c7802a,2663
72,166063,106,worksheet_control,Kurs:Algebraische Kurven (Osnabrück 2025-2026)/Arbeitsblatt 20/kontrolle,1033113,0,2025-08-11T14:08:56Z,b4fb7a17c1cd89774d7dbd81e7be5e7a5a6c6d9b,13
73,166033,106,worksheet_latex,Kurs:Algebraische Kurven (Osnabrück 2025-2026)/Arbeitsblatt 20/latex,1033081,0,2025-08-11T14:03:56Z,3034e92c1843eab298fb5f6f859d2c89cf824d61,9
74,165940,106,worksheet,Kurs:Algebraische Kurven (Osnabrück 2025-2026)/Arbeitsblatt 21,1062605,1062593,2025-12-18T11:05:07Z,38a7856a5df3695eb80874194bc043dda3377f90,2974
75,166064,106,worksheet_control,Kurs:Algebraische Kurven (Osnabrück 2025-2026)/Arbeitsblatt 21/kontrolle,1033114,0,2025-08-11T14:09:06Z,b4fb7a17c1cd89774d7dbd81e7be5e7a5a6c6d9b,13
76,166034,106,worksheet_latex,Kurs:Algebraische Kurven (Osnabrück 2025-2026)/Arbeitsblatt 21/latex,1033082,0,2025-08-11T14:04:06Z,3034e92c1843eab298fb5f6f859d2c89cf824d61,9
77,165941,106,worksheet,Kurs:Algebraische Kurven (Osnabrück 2025-2026)/Arbeitsblatt 22,1062660,1062619,2025-12-19T12:06:58Z,e82e91c94f0a39d73aa10913d6821f673925893e,3112
78,166065,106,worksheet_control,Kurs:Algebraische Kurven (Osnabrück 2025-2026)/Arbeitsblatt 22/kontrolle,1033115,0,2025-08-11T14:09:16Z,b4fb7a17c1cd89774d7dbd81e7be5e7a5a6c6d9b,13
79,166035,106,worksheet_latex,Kurs:Algebraische Kurven (Osnabrück 2025-2026)/Arbeitsblatt 22/latex,1033083,0,2025-08-11T14:04:16Z,3034e92c1843eab298fb5f6f859d2c89cf824d61,9
80,165942,106,worksheet,Kurs:Algebraische Kurven (Osnabrück 2025-2026)/Arbeitsblatt 23,1062659,1062658,2025-12-19T12:06:03Z,19554b41098b4f02ac6e558145036ca293e4bbc9,2059
81,166066,106,worksheet_control,Kurs:Algebraische Kurven (Osnabrück 2025-2026)/Arbeitsblatt 23/kontrolle,1033116,0,2025-08-11T14:09:26Z,b4fb7a17c1cd89774d7dbd81e7be5e7a5a6c6d9b,13
82,166036,106,worksheet_latex,Kurs:Algebraische Kurven (Osnabrück 2025-2026)/Arbeitsblatt 23/latex,1033084,0,2025-08-11T14:04:26Z,3034e92c1843eab298fb5f6f859d2c89cf824d61,9
83,165943,106,worksheet,Kurs:Algebraische Kurven (Osnabrück 2025-2026)/Arbeitsblatt 24,1112533,1064859,2026-08-21T15:42:11Z,b0044cc0e06067a2094408f4a4c3161041cdba3a,3197
84,166067,106,worksheet_control,Kurs:Algebraische Kurven (Osnabrück 2025-2026)/Arbeitsblatt 24/kontrolle,1033117,0,2025-08-11T14:09:36Z,b4fb7a17c1cd89774d7dbd81e7be5e7a5a6c6d9b,13
85,166037,106,worksheet_latex,Kurs:Algebraische Kurven (Osnabrück 2025-2026)/Arbeitsblatt 24/latex,1033085,0,2025-08-11T14:04:36Z,3034e92c1843eab298fb5f6f859d2c89cf824d61,9
86,165944,106,worksheet,Kurs:Algebraische Kurven (Osnabrück 2025-2026)/Arbeitsblatt 25,1112637,1065151,2026-08-21T16:24:55Z,e1e931eaa677ddb4f09630568ea29c7242092248,1603
87,166068,106,worksheet_control,Kurs:Algebraische Kurven (Osnabrück 2025-2026)/Arbeitsblatt 25/kontrolle,1033118,0,2025-08-11T14:09:46Z,b4fb7a17c1cd89774d7dbd81e7be5e7a5a6c6d9b,13
88,166038,106,worksheet_latex,Kurs:Algebraische Kurven (Osnabrück 2025-2026)/Arbeitsblatt 25/latex,1033086,0,2025-08-11T14:04:46Z,3034e92c1843eab298fb5f6f859d2c89cf824d61,9
89,165945,106,worksheet,Kurs:Algebraische Kurven (Osnabrück 2025-2026)/Arbeitsblatt 26,1067865,1065235,2026-01-30T10:06:36Z,8f1a4bbae0e6239dd8ea0d7b791ae64a93044907,2214
90,166069,106,worksheet_control,Kurs:Algebraische Kurven (Osnabrück 2025-2026)/Arbeitsblatt 26/kontrolle,1033119,0,2025-08-11T14:09:56Z,b4fb7a17c1cd89774d7dbd81e7be5e7a5a6c6d9b,13
91,166039,106,worksheet_latex,Kurs:Algebraische Kurven (Osnabrück 2025-2026)/Arbeitsblatt 26/latex,1033087,0,2025-08-11T14:04:56Z,3034e92c1843eab298fb5f6f859d2c89cf824d61,9
92,165946,106,worksheet,Kurs:Algebraische Kurven (Osnabrück 2025-2026)/Arbeitsblatt 27,1072798,1068349,2026-02-20T12:48:22Z,94e0fbf93ec41185820195c38f7055c9a56d4449,3199
93,166070,106,worksheet_control,Kurs:Algebraische Kurven (Osnabrück 2025-2026)/Arbeitsblatt 27/kontrolle,1033120,0,2025-08-11T14:10:06Z,b4fb7a17c1cd89774d7dbd81e7be5e7a5a6c6d9b,13
94,166040,106,worksheet_latex,Kurs:Algebraische Kurven (Osnabrück 2025-2026)/Arbeitsblatt 27/latex,1033088,0,2025-08-11T14:05:06Z,3034e92c1843eab298fb5f6f859d2c89cf824d61,9
95,165947,106,worksheet,Kurs:Algebraische Kurven (Osnabrück 2025-2026)/Arbeitsblatt 28,1112697,1068347,2026-08-21T16:36:09Z,b46aa21d8ff6ab1b1e88354ad454b04cc508243a,5001
96,166071,106,worksheet_control,Kurs:Algebraische Kurven (Osnabrück 2025-2026)/Arbeitsblatt 28/kontrolle,1033121,0,2025-08-11T14:10:16Z,b4fb7a17c1cd89774d7dbd81e7be5e7a5a6c6d9b,13
97,166041,106,worksheet_latex,Kurs:Algebraische Kurven (Osnabrück 2025-2026)/Arbeitsblatt 28/latex,1033089,0,2025-08-11T14:05:16Z,3034e92c1843eab298fb5f6f859d2c89cf824d61,9
98,165948,106,worksheet,Kurs:Algebraische Kurven (Osnabrück 2025-2026)/Arbeitsblatt 29,1068353,1068348,2026-02-01T11:02:24Z,1efd199553034aae8eb967798ed2c141441a3af8,3575
99,166072,106,worksheet_control,Kurs:Algebraische Kurven (Osnabrück 2025-2026)/Arbeitsblatt 29/kontrolle,1033122,0,2025-08-11T14:10:26Z,b4fb7a17c1cd89774d7dbd81e7be5e7a5a6c6d9b,13
100,166042,106,worksheet_latex,Kurs:Algebraische Kurven (Osnabrück 2025-2026)/Arbeitsblatt 29/latex,1033090,0,2025-08-11T14:05:26Z,3034e92c1843eab298fb5f6f859d2c89cf824d61,9
101,165922,106,worksheet,Kurs:Algebraische Kurven (Osnabrück 2025-2026)/Arbeitsblatt 3,1061785,1061781,2025-12-08T09:46:03Z,d030496f7c78a434250657f10206ab4ba69ade1e,2807
102,166046,106,worksheet_control,Kurs:Algebraische Kurven (Osnabrück 2025-2026)/Arbeitsblatt 3/kontrolle,1033094,0,2025-08-11T14:06:06Z,b4fb7a17c1cd89774d7dbd81e7be5e7a5a6c6d9b,13
103,166016,106,worksheet_latex,Kurs:Algebraische Kurven (Osnabrück 2025-2026)/Arbeitsblatt 3/latex,1033063,0,2025-08-11T14:01:06Z,3034e92c1843eab298fb5f6f859d2c89cf824d61,9
104,165949,106,worksheet,Kurs:Algebraische Kurven (Osnabrück 2025-2026)/Arbeitsblatt 30,1112574,1068352,2026-08-21T16:15:19Z,8fca03bc723e6315503ef74c51d24e6fea2207f6,2146
105,166073,106,worksheet_control,Kurs:Algebraische Kurven (Osnabrück 2025-2026)/Arbeitsblatt 30/kontrolle,1033123,0,2025-08-11T14:10:36Z,b4fb7a17c1cd89774d7dbd81e7be5e7a5a6c6d9b,13
106,166043,106,worksheet_latex,Kurs:Algebraische Kurven (Osnabrück 2025-2026)/Arbeitsblatt 30/latex,1033091,0,2025-08-11T14:05:36Z,3034e92c1843eab298fb5f6f859d2c89cf824d61,9
107,165923,106,worksheet,Kurs:Algebraische Kurven (Osnabrück 2025-2026)/Arbeitsblatt 4,1075377,1074206,2026-03-11T10:41:52Z,e938dbe41b7474eff311dfc04732ab251fe9c086,4472
108,166047,106,worksheet_control,Kurs:Algebraische Kurven (Osnabrück 2025-2026)/Arbeitsblatt 4/kontrolle,1033095,0,2025-08-11T14:06:16Z,b4fb7a17c1cd89774d7dbd81e7be5e7a5a6c6d9b,13
109,166017,106,worksheet_latex,Kurs:Algebraische Kurven (Osnabrück 2025-2026)/Arbeitsblatt 4/latex,1033064,0,2025-08-11T14:01:16Z,3034e92c1843eab298fb5f6f859d2c89cf824d61,9
110,165924,106,worksheet,Kurs:Algebraische Kurven (Osnabrück 2025-2026)/Arbeitsblatt 5,1062652,1055912,2025-12-19T11:50:54Z,23ae014ac445f9189e80c6d48007971cd596c227,3966
111,166048,106,worksheet_control,Kurs:Algebraische Kurven (Osnabrück 2025-2026)/Arbeitsblatt 5/kontrolle,1033096,0,2025-08-11T14:06:26Z,b4fb7a17c1cd89774d7dbd81e7be5e7a5a6c6d9b,13
112,166018,106,worksheet_latex,Kurs:Algebraische Kurven (Osnabrück 2025-2026)/Arbeitsblatt 5/latex,1033065,0,2025-08-11T14:01:26Z,3034e92c1843eab298fb5f6f859d2c89cf824d61,9
113,165925,106,worksheet,Kurs:Algebraische Kurven (Osnabrück 2025-2026)/Arbeitsblatt 6,1059354,1057870,2025-11-19T11:00:28Z,66a5c51263dd1bbe94cdc78e5d38405d2a5f41d4,3469
114,166049,106,worksheet_control,Kurs:Algebraische Kurven (Osnabrück 2025-2026)/Arbeitsblatt 6/kontrolle,1033097,0,2025-08-11T14:06:36Z,b4fb7a17c1cd89774d7dbd81e7be5e7a5a6c6d9b,13
115,166019,106,worksheet_latex,Kurs:Algebraische Kurven (Osnabrück 2025-2026)/Arbeitsblatt 6/latex,1033066,0,2025-08-11T14:01:36Z,3034e92c1843eab298fb5f6f859d2c89cf824d61,9
116,165926,106,worksheet,Kurs:Algebraische Kurven (Osnabrück 2025-2026)/Arbeitsblatt 7,1112363,1057869,2026-08-21T11:37:39Z,55af227ec3c8f90e9deb857925dcc7725dcf94e1,5759
117,166050,106,worksheet_control,Kurs:Algebraische Kurven (Osnabrück 2025-2026)/Arbeitsblatt 7/kontrolle,1033098,0,2025-08-11T14:06:46Z,b4fb7a17c1cd89774d7dbd81e7be5e7a5a6c6d9b,13
118,166020,106,worksheet_latex,Kurs:Algebraische Kurven (Osnabrück 2025-2026)/Arbeitsblatt 7/latex,1033067,0,2025-08-11T14:01:46Z,3034e92c1843eab298fb5f6f859d2c89cf824d61,9
119,165927,106,worksheet,Kurs:Algebraische Kurven (Osnabrück 2025-2026)/Arbeitsblatt 8,1057977,1051296,2025-11-07T07:39:47Z,b56d0d0a599acbec043cae19e13cfd8acea48d07,3299
120,166051,106,worksheet_control,Kurs:Algebraische Kurven (Osnabrück 2025-2026)/Arbeitsblatt 8/kontrolle,1033099,0,2025-08-11T14:06:56Z,b4fb7a17c1cd89774d7dbd81e7be5e7a5a6c6d9b,13
121,166021,106,worksheet_latex,Kurs:Algebraische Kurven (Osnabrück 2025-2026)/Arbeitsblatt 8/latex,1033068,0,2025-08-11T14:01:56Z,3034e92c1843eab298fb5f6f859d2c89cf824d61,9
122,165928,106,worksheet,Kurs:Algebraische Kurven (Osnabrück 2025-2026)/Arbeitsblatt 9,1059491,1058754,2025-11-21T13:53:14Z,affd5b273368b8a02f7580671dc4b1431f7da9df,2637
123,166052,106,worksheet_control,Kurs:Algebraische Kurven (Osnabrück 2025-2026)/Arbeitsblatt 9/kontrolle,1033100,0,2025-08-11T14:07:06Z,b4fb7a17c1cd89774d7dbd81e7be5e7a5a6c6d9b,13
124,166022,106,worksheet_latex,Kurs:Algebraische Kurven (Osnabrück 2025-2026)/Arbeitsblatt 9/latex,1033069,0,2025-08-11T14:02:06Z,3034e92c1843eab298fb5f6f859d2c89cf824d61,9
125,165888,106,course_local_other,Kurs:Algebraische Kurven (Osnabrück 2025-2026)/Arbeitsblatt/Fuß,1032933,0,2025-08-11T13:39:56Z,206f8ae058ce6cedf600e08f41a0281b27f64145,1015
126,165874,106,course_local_other,Kurs:Algebraische Kurven (Osnabrück 2025-2026)/Arbeitsblattaufzählung,1068471,1067607,2026-02-02T08:48:49Z,6d7420634de45831a89be978cf910aa2393fae7e,175
127,165876,106,course_local_other,Kurs:Algebraische Kurven (Osnabrück 2025-2026)/Arbeitsblattaufzählung/kontrolle,1032921,0,2025-08-11T13:36:26Z,b4fb7a17c1cd89774d7dbd81e7be5e7a5a6c6d9b,13
128,165875,106,course_local_other,Kurs:Algebraische Kurven (Osnabrück 2025-2026)/Arbeitsblattaufzählung/latex,1032920,0,2025-08-11T13:36:06Z,5c2dc637dc334f617ea57f8f56ea57e4c3037c28,81
129,165886,106,course_local_other,Kurs:Algebraische Kurven (Osnabrück 2025-2026)/Arbeitsblattgestaltung,1032931,0,2025-08-11T13:39:36Z,65585745ef99292181d41eae7d3b3bf1c077ec10,393
130,165859,106,course_local_other,Kurs:Algebraische Kurven (Osnabrück 2025-2026)/Arbeitsblätter,1067608,1032901,2026-01-28T18:28:42Z,0955d916566f3fefab089cea8609f5fb9faafd96,553
131,165951,106,course_local_other,Kurs:Algebraische Kurven (Osnabrück 2025-2026)/Definitionsabfrage,1032997,0,2025-08-11T13:50:16Z,8b5b559c5a42b02d21940c4b6418727c9009b75e,189
132,165950,106,course_local_other,Kurs:Algebraische Kurven (Osnabrück 2025-2026)/Definitionsliste,1067872,1064592,2026-01-30T10:40:21Z,d6ce94c803bffacd56895aa6c9b7eb9373feb753,9314
133,166422,106,course_local_other,"Kurs:Algebraische Kurven (Osnabrück 2025-2026)/Differenzierbare Kurve/t^2-1,t^3-t/y^2 ist x^2+x^3/Aufgabe/Aufgabereferenznummer",1055588,1055484,2025-10-16T09:56:55Z,6347d100ec0c24edfbc48cc2b9ddfb44bead9e9b,47
134,166488,106,course_local_other,Kurs:Algebraische Kurven (Osnabrück 2025-2026)/Diskrete Bewertungsringe/Charakterisierung/1/Fakt/Faktreferenznummer,1051479,0,2025-08-18T08:47:50Z,9fff1b247c0be8f1d7f295a41fd04e01f9029082,45
135,166487,106,course_local_other,Kurs:Algebraische Kurven (Osnabrück 2025-2026)/Diskreter Bewertungsring/Ordnungsfunktion/Erste Eigenschaften/Fakt/Beweis/Aufgabe/Aufgabereferenznummer,1051478,0,2025-08-18T08:47:40Z,80b49cc263794edde2cb4ec0275ab4bbbc2d968c,48
136,166349,106,course_local_other,Kurs:Algebraische Kurven (Osnabrück 2025-2026)/Ebene algebraische Kurve/Algebraisch abgeschlossener Körper/Unendlich viele Elemente/Fakt/Faktreferenznummer,1055910,1051279,2025-10-20T08:50:42Z,aa45b7ad8bc97a548641a7340ec7e0ff2a1ad451,48
137,166489,106,course_local_other,Kurs:Algebraische Kurven (Osnabrück 2025-2026)/Ebene algebraische Kurve/Glatter Punkt/Liegt nur auf einer Komponente/Fakt/Beweis/Aufgabe/Aufgabereferenznummer,1062626,1062223,2025-12-18T15:12:13Z,9791ee424312ec50324073548a42d46dc8917273,48
138,166468,106,course_local_other,Kurs:Algebraische Kurven (Osnabrück 2025-2026)/Ebene algebraische Kurve/Glatter Punkt/Liegt nur auf einer Komponente/Fakt/Faktreferenznummer,1051459,0,2025-08-18T08:44:30Z,acc0aac611ec657c32e4aa140c03fe4207ae0761,47
139,166494,106,course_local_other,Kurs:Algebraische Kurven (Osnabrück 2025-2026)/Ebene algebraische Kurve/Glatter Punkt/Lokaler Ring ist diskreter Bewertungsring/Fakt/Faktreferenznummer,1051485,0,2025-08-18T08:49:20Z,155e510c52c4bdd5e3820e6b03277129f193ec0c,46
140,166495,106,course_local_other,Kurs:Algebraische Kurven (Osnabrück 2025-2026)/Ebene algebraische Kurve/Multiplizität über Hilbert-Samuel Polynom/Fakt/Faktreferenznummer,1051486,0,2025-08-18T08:49:30Z,ba64701c5e0f081423429d2517d6cfe82b8525b4,45
141,166510,106,course_local_other,"Kurs:Algebraische Kurven (Osnabrück 2025-2026)/Ebene algebraische Kurve/Punkt/Glatt,diskreter Bewertungsring, Multiplizität/Fakt/Faktreferenznummer",1051502,0,2025-08-18T08:52:40Z,1f92b447055641fda7206f269fff93a64b715b16,45
142,166505,106,course_local_other,Kurs:Algebraische Kurven (Osnabrück 2025-2026)/Ebene algebraische Kurve/Schnitt von Kurven ohne gemeinsame Komponente/Beschreibung als Produktring/Fakt/Faktreferenznummer,1051496,0,2025-08-18T08:51:40Z,c56d6c0fca283a8d6bae40476690d41c0b86ee25,50
143,166524,106,course_local_other,Kurs:Algebraische Kurven (Osnabrück 2025-2026)/Ebene algebraische Kurve/Schnittmultiplizität/Summe der Multiplizitäten ist Restklassendimension/Fakt/Faktreferenznummer,1051518,0,2025-08-18T08:55:10Z,c907fd17947d16c8753e62fa633587d4d336285b,46
144,166421,106,course_local_other,Kurs:Algebraische Kurven (Osnabrück 2025-2026)/Ebene algebraische Kurve/x^2-y^2+y^3/Beschreibung/Beispiel/Beispielreferenznummer,1051393,0,2025-08-18T08:20:37Z,17bed8848d171d02411597622fb1de2fd52b652e,48
145,166471,106,course_local_other,Kurs:Algebraische Kurven (Osnabrück 2025-2026)/Ebene algebraische Kurve/x^2-y^2+y^3/Tangente unter Parametrisierung/t ist 2/Beispiel/Beispielreferenznummer,1051462,0,2025-08-18T08:45:00Z,9e0401d2905a6530d93a7e89b697da1c165bc442,49
146,166406,106,course_local_other,Kurs:Algebraische Kurven (Osnabrück 2025-2026)/Ebene algebraische Kurven/Reell/X^2+Y^2-2 und X^2+2Y^2-1/Durchschnitt und Einheit/Beispiel/Beispielreferenznummer,1051365,0,2025-08-18T08:10:04Z,de8a2223f8f417de2fbbc53cb19c41299850dc24,49
147,166358,106,course_local_other,Kurs:Algebraische Kurven (Osnabrück 2025-2026)/Ebene algebraische Kurven/Schnitt mit Geraden/Ist endlich oder voll/Fakt/Faktreferenznummer,1051289,0,2025-08-18T07:31:39Z,275b7735ccfb3589cdae397091f86919d6f75e12,45
148,166748,106,course_local_other,Kurs:Algebraische Kurven (Osnabrück 2025-2026)/Ebene algebraische Kurven/Schnittmultiplizität/Charakterisierung Transversaler Schnitt/Fakt/Faktreferenznummer,1051844,1051838,2025-08-18T11:20:05Z,3d891d6ccea9d7a3fa246792ad234b42116074be,46
149,166506,106,course_local_other,Kurs:Algebraische Kurven (Osnabrück 2025-2026)/Ebene algebraische Kurven/Schnittmultiplizität/Schnitt mit Gerade/Abschätzung zur Multiplizität/Fakt/Faktreferenznummer,1051497,0,2025-08-18T08:51:50Z,a917d184582c442785250c51f07fc0671d0980bf,46
150,168388,106,course_local_other,Kurs:Algebraische Kurven (Osnabrück 2025-2026)/Ebene algebraische Kurven/Schnittmultiplizität/Summenformel für Schnittmultiplizität/Fakt/Faktreferenznummer,1067842,0,2026-01-30T09:18:41Z,c725556542e9f51744ea2797ee34a66344a08cb2,45
151,166496,106,course_local_other,Kurs:Algebraische Kurven (Osnabrück 2025-2026)/Ebene algebraische Kurven/Singularitäten/Multiplizität und Tangenten über kleinste homogene Komponente/Definition/Definitionreferenznummer,1051487,0,2025-08-18T08:49:40Z,733cb523a92f9cc970792c9e56a13ca3d97bffb8,51
152,168412,106,course_local_other,Kurs:Algebraische Kurven (Osnabrück 2025-2026)/Ebene algebraische Kurven/Tangente in einem glatten Punkt/Bemerkung/Bemerkungreferenznummer,1067984,1067983,2026-01-30T16:37:48Z,443a5de707bd18b9b69e775d8146db8f9f5bcadf,51
153,166503,106,course_local_other,Kurs:Algebraische Kurven (Osnabrück 2025-2026)/Ebene algebraische Kurven/Tangenten mit Kontaktordnung eins/Formal-analytische Realisierung als Graph/Fakt/Faktreferenznummer,1051494,0,2025-08-18T08:51:10Z,7ff4a7e59379bed6b9d340de4e01fe09d7968ee5,45
154,166348,106,course_local_other,Kurs:Algebraische Kurven (Osnabrück 2025-2026)/Ebene Kurven/Algebraisch abgeschlossener Körper/Noethersche Normalisierung/Fakt/Faktreferenznummer,1051278,0,2025-08-18T07:29:39Z,d6cf7939db02304be137d89da4d6e72253d68d8d,44
155,166344,106,course_local_other,Kurs:Algebraische Kurven (Osnabrück 2025-2026)/Ebene Kurven/Schnitt ohne Komponenten/Endlich viele Punkte/Fakt/Faktreferenznummer,1051273,0,2025-08-18T07:28:59Z,fd313c3266eca47477e6cbae622110eeb75b420c,44
156,166363,106,course_local_other,Kurs:Algebraische Kurven (Osnabrück 2025-2026)/Ebene polynomiale Parametrisierungen/Kurvengleichung/Fakt/Faktreferenznummer,1051297,0,2025-08-18T07:33:39Z,5874ca8fce33a6cc76728a0ff2f0a67da5df48b2,44
157,166518,106,course_local_other,Kurs:Algebraische Kurven (Osnabrück 2025-2026)/Ebene projektive Kurve/Gleichung für projektiven Abschluss mit Homogenisierung/Fakt/Faktreferenznummer,1051511,0,2025-08-18T08:54:10Z,36252fb66e2c428dc9e78d3f3fd17848eceea782,50
158,166478,106,course_local_other,Kurs:Algebraische Kurven (Osnabrück 2025-2026)/Ebene projektive Kurve/Graph einer rationalen Funktion in einer Variable/Singularität im Unendlichen/Fakt/Faktreferenznummer,1051469,0,2025-08-18T08:46:10Z,a742686771a3600e9eafa22448af2d0c8075ac1b,45
159,166525,106,course_local_other,Kurs:Algebraische Kurven (Osnabrück 2025-2026)/Ebene projektive Kurve/Graph eines Polynoms in einer Variable/Singularität im Unendlichen/Fakt/Faktreferenznummer,1051519,0,2025-08-18T08:55:30Z,c55290b8ad5a71f210d36d41cd56fe499c1ffddb,45
160,166429,106,course_local_other,"Kurs:Algebraische Kurven (Osnabrück 2025-2026)/Einheitskreis/K/Geradenbündel zu (X,1-Y)/Beispiel/Aufgabe/Aufgabereferenznummer",1051405,0,2025-08-18T08:23:17Z,a4c29751f5b2ffd1e38ed9b3b430ec769f42b9e7,48
161,166383,106,course_local_other,Kurs:Algebraische Kurven (Osnabrück 2025-2026)/Einheitskreis/Rationale Parametrisierung/Fakt/Faktreferenznummer,1051338,0,2025-08-18T08:05:42Z,853db030a315c7bacd3c787c84c9f3f62b6db990,74
162,166345,106,course_local_other,Kurs:Algebraische Kurven (Osnabrück 2025-2026)/Einheitskreis/Rationale Parametrisierung/Funktionaler Ausdruck/Aufgabe/Aufgabereferenznummer,1055590,1055487,2025-10-16T09:57:21Z,141b9c8eac5b7dedd7137e19a9a178e8d7cd7762,48
163,166370,106,course_local_other,Kurs:Algebraische Kurven (Osnabrück 2025-2026)/Elimination/Zwei quadratische Gleichungen/Direkt/Fakt/Faktreferenznummer,1051306,0,2025-08-18T07:38:48Z,b0c6bc11e346ae1823fad254a2f0a7a79df05751,45
164,166414,106,course_local_other,Kurs:Algebraische Kurven (Osnabrück 2025-2026)/Endlich erzeugte K-Algebren/K-Spektren als Funktor/Verschiedene Homomorphismen/Fakt/Faktreferenznummer,1051375,0,2025-08-18T08:12:04Z,e3e3498a1fec17067d53c4aff85804f681d8cb6c,52
165,166409,106,course_local_other,Kurs:Algebraische Kurven (Osnabrück 2025-2026)/Endlich erzeugte K-Algebren/K-Spektrum mit Zariski-Topologie/Ist Topologie/Aufgabe/Aufgabereferenznummer,1068450,1051368,2026-02-02T08:45:47Z,1b6a144f8efa97f925a2d31240c2e934b138b9c0,48
166,166408,106,course_local_other,Kurs:Algebraische Kurven (Osnabrück 2025-2026)/Endlich erzeugte K-Algebren/K-Spektrum/Isomorph zu Einbettung/Fakt/Faktreferenznummer,1051367,0,2025-08-18T08:10:24Z,ec1244d912a08d3a77ffe9a50230c29523d11a49,45
167,166391,106,course_local_other,Kurs:Algebraische Kurven (Osnabrück 2025-2026)/Endlich erzeugte kommutative Algebren/R noethersch/A über R endlich erzeugt/A endlich über B/B ist endlich erzeugt/Fakt/Faktreferenznummer,1051347,0,2025-08-18T08:07:24Z,da135e04af1d11b564fdda16db63ffd4ef9925fa,46
168,166392,106,course_local_other,Kurs:Algebraische Kurven (Osnabrück 2025-2026)/Endlich erzeugte kommutative Algebren/Rationaler Funktionenkörper ist nicht endlich erzeugt/Fakt/Faktreferenznummer,1051348,0,2025-08-18T08:07:34Z,9387df22e0c2bc233c6b75efcd428dbd3ea14c2e,46
169,166393,106,course_local_other,Kurs:Algebraische Kurven (Osnabrück 2025-2026)/Endliche Algebra über Körper/Kommutativ/Einheit und Nichtnullteiler/Aufgabe/Aufgabereferenznummer,1051350,0,2025-08-18T08:07:44Z,6dba7995e1e3ae9d0f12f485331af5bcc0a89264,48
170,166741,106,course_local_other,Kurs:Algebraische Kurven (Osnabrück 2025-2026)/Endliche Körpererweiterung/Gradformel/Fakt/Faktreferenznummer,1051820,0,2025-08-18T10:53:41Z,ae34d0dcd8bf3e1cc6adea559c0a5b4f047c3360,88
171,166394,106,course_local_other,Kurs:Algebraische Kurven (Osnabrück 2025-2026)/Endliche Körpererweiterung/Zwischenring/Körper/Aufgabe/Aufgabereferenznummer,1051351,0,2025-08-18T08:07:54Z,aeda6d5f396e74cd94645a403cadbc44ca4c1bb6,48
172,166381,106,course_local_other,Kurs:Algebraische Kurven (Osnabrück 2025-2026)/Endomorphismus/Eigenwert und charakteristisches Polynom/Fakt/Faktreferenznummer,1051322,1051321,2025-08-18T07:52:25Z,f6b86928c056ebda40db112bac28446f3cea94e8,77
173,166500,106,course_local_other,Kurs:Algebraische Kurven (Osnabrück 2025-2026)/Formaler Potenzreihenring/Eine Variable/Diskreter Bewertungsring/Fakt/Faktreferenznummer,1051491,0,2025-08-18T08:50:30Z,a4eab58dabb03a40ae7d20c28354e2d9ffbe6375,49
174,166472,106,course_local_other,Kurs:Algebraische Kurven (Osnabrück 2025-2026)/Formaler Potenzreihenring/Eine Variable/Einsetzen ergibt Ringhomomorphismus/Fakt/Faktreferenznummer,1051463,0,2025-08-18T08:45:10Z,aa49a38b5e7b75af21785b58a4add30d07bced93,46
175,166473,106,course_local_other,Kurs:Algebraische Kurven (Osnabrück 2025-2026)/Formaler Potenzreihenring/Eine Variable/Einsetzen von Potenzreihen mit Konstante null/Definition/Definitionreferenznummer,1051464,0,2025-08-18T08:45:20Z,f1dc95c3000adf4ea4b3bcc7548d1b3c1d2e8f14,51
176,166501,106,course_local_other,"Kurs:Algebraische Kurven (Osnabrück 2025-2026)/Formaler Potenzreihenring/Eine Variable/Konstante nicht null, dann Einheit/Fakt/Faktreferenznummer",1051492,0,2025-08-18T08:50:50Z,2c8621dcd348e054f16c1123aec29174976cf087,45
177,166504,106,course_local_other,Kurs:Algebraische Kurven (Osnabrück 2025-2026)/Formaler Potenzreihenring/Eine Variable/T+../Transformierbar auf T/Fakt/Faktreferenznummer,1051495,0,2025-08-18T08:51:20Z,83da1bccc2e5fbdfbacebd0240f7eec9c49e2412,47
178,165861,106,course_local_other,Kurs:Algebraische Kurven (Osnabrück 2025-2026)/Forum,1032903,0,2025-08-11T13:31:46Z,47dd79068a341af5a39589b5b46cdfc8e6041f4c,178
179,166430,106,course_local_other,Kurs:Algebraische Kurven (Osnabrück 2025-2026)/Geradenbündel/Varietät/Faser ist affine Gerade/Addition/Aufgabe/Aufgabereferenznummer,1051407,0,2025-08-18T08:23:37Z,307b6c4b4d3b92dcf78d22fa6a7952412a3aab5d,48
180,166431,106,course_local_other,Kurs:Algebraische Kurven (Osnabrück 2025-2026)/Geradenbündel/Varietät/Faser ist affine Gerade/Aufgabe/Aufgabereferenznummer,1051408,0,2025-08-18T08:23:57Z,0b146751bb7c37f0283250819642b179f8204ad5,48
181,166443,106,course_local_other,Kurs:Algebraische Kurven (Osnabrück 2025-2026)/Gerichtetes System/Von kommutativen Gruppen/Kolimes ist kommutative Gruppe/Aufgabe/Aufgabereferenznummer,1062622,1062216,2025-12-18T15:11:33Z,1a6a4cbc6c14ce301476ca863f7f376b392fe30e,49
182,166519,106,course_local_other,Kurs:Algebraische Kurven (Osnabrück 2025-2026)/Glatte projektive Kurven/Rationale Funktion als Morphismus nach P^1/Fakt/Faktreferenznummer,1051512,0,2025-08-18T08:54:20Z,f931a61beb0acdcec9b18eb9727fcbefef1f761c,45
183,166511,106,course_local_other,Kurs:Algebraische Kurven (Osnabrück 2025-2026)/Hauptideal/Homogenisierung/Aufgabe/Aufgabereferenznummer,1068463,1051503,2026-02-02T08:47:37Z,bf52272dae5a18a924d17cdbc102c4146d2d7a8e,49
184,166750,106,course_local_other,Kurs:Algebraische Kurven (Osnabrück 2025-2026)/Hauptidealbereich/Faktoriell/Fakt/Faktreferenznummer,1051874,0,2025-08-18T12:56:13Z,9df72e68f1b3a58ba3d6ba2a1d09e4804407a96a,81
185,166395,106,course_local_other,Kurs:Algebraische Kurven (Osnabrück 2025-2026)/Hilbertscher Nullstellensatz (algebraisch)/Endlich erzeugte Körpererweiterung ist endlich/Fakt/Faktreferenznummer,1051352,0,2025-08-18T08:08:04Z,1916b8069e9fe185c8dbc53063ab4720af5e8249,45
186,167282,106,course_local_other,Kurs:Algebraische Kurven (Osnabrück 2025-2026)/Homogene Polynome/2 Variablen/Gleicher Grad/Homogene Gleichung/Fakt/Beweis/Aufgabe/Aufgabereferenznummer,1057083,1057082,2025-10-30T16:26:46Z,69835a17f2d2e5bb50214d4a594445d87571e302,47
187,166362,106,course_local_other,Kurs:Algebraische Kurven (Osnabrück 2025-2026)/Homogene Polynome/2 Variablen/Gleicher Grad/Homogene Gleichung/Fakt/Faktreferenznummer,1057075,1051295,2025-10-30T16:11:27Z,70e0e6ca03a5c315188f588b1d4527cd6b67de61,45
188,167205,106,course_local_other,Kurs:Algebraische Kurven (Osnabrück 2025-2026)/Homogenes Polynom/Darstellung mit formalen partiellen Ableitungen/Aufgabe/Aufgabereferenznummer,1062624,1062221,2025-12-18T15:11:53Z,c7ed0e7bf0bffe268016c03d41b0f1649a1242e3,48
189,166512,106,course_local_other,Kurs:Algebraische Kurven (Osnabrück 2025-2026)/Hyperbel/Projektiver Abschluss/Aufgabe/Aufgabereferenznummer,1068461,1051504,2026-02-02T08:47:27Z,84b6bbc1570cd51e13dccc93612f19ec170b0568,49
190,167204,106,course_local_other,Kurs:Algebraische Kurven (Osnabrück 2025-2026)/Idealtheorie (kommutative Algebra)/Ideale im Restklassenring/Korrespondenz/Aufgabe/Aufgabereferenznummer,1060031,1058774,2025-11-26T10:26:26Z,3ad061a463666775c1eba8728a79000ed38ab48f,48
191,166433,106,course_local_other,Kurs:Algebraische Kurven (Osnabrück 2025-2026)/Idempotente Elemente/Reduktion/Injektiv/Aufgabe/Aufgabereferenznummer,1060082,1060071,2025-11-27T10:02:26Z,3f59e5e14dce628f445e95e4597d591c6ad89ec6,49
192,166434,106,course_local_other,Kurs:Algebraische Kurven (Osnabrück 2025-2026)/Idempotente Elemente/Reduktion/Surjektiv/Aufgabe/Aufgabereferenznummer,1060083,1060072,2025-11-27T10:02:36Z,460fc76d77e80e3b66e38072728508066a956a79,49
193,167827,106,course_local_other,Kurs:Algebraische Kurven (Osnabrück 2025-2026)/Identitätssatz für Polynome/Unendlicher Körper/Zariski-offene nicht-leere Menge/Aufgabe/Aufgabereferenznummer,1061788,0,2025-12-08T09:48:18Z,f44013fb2a5221d112a733eaa1b8cc5997981f0c,48
194,165857,106,course_local_other,Kurs:Algebraische Kurven (Osnabrück 2025-2026)/Information,1068476,1032899,2026-02-02T08:50:57Z,d17cd37b9485d6fef77bcf0b5219320a7f8513c0,238
195,165867,106,course_local_other,Kurs:Algebraische Kurven (Osnabrück 2025-2026)/Information/Inhalt,1051866,1032910,2025-08-18T12:30:17Z,6a2fdb13ef864fc39a04710280de195820e34aa4,778
196,165870,106,course_local_other,Kurs:Algebraische Kurven (Osnabrück 2025-2026)/Information/Klausur,1076324,1057495,2026-04-02T10:44:27Z,d7f50438f460cbab34e323d120e61aab229dcb69,193
197,165868,106,course_local_other,Kurs:Algebraische Kurven (Osnabrück 2025-2026)/Information/Ort und Zeit,1051867,1032912,2025-08-18T12:33:00Z,401ac3e7ad961203ce135f31088c7ff275d72004,225
198,165869,106,course_local_other,Kurs:Algebraische Kurven (Osnabrück 2025-2026)/Information/Übungsbetrieb,1055464,1051868,2025-10-15T06:16:38Z,80d12909a4059243dd2e62c92d67b289a18dddda,1778
199,165866,106,course_local_other,Kurs:Algebraische Kurven (Osnabrück 2025-2026)/Informationsaufzählung,1068477,1051842,2026-02-02T08:51:12Z,9ee2d33747c09fc68842101f6334a288a20a9103,487
200,166935,106,course_local_other,Kurs:Algebraische Kurven (Osnabrück 2025-2026)/Integritätsbereich/Reine quadratische Erweiterung/2 nicht 0/Quadratwurzeln/Aufgabe/Aufgabereferenznummer,1057873,1054955,2025-11-06T10:50:46Z,13ffb494888a638809cce0fc67edd1281a58c7b5,48
201,167844,106,course_local_other,Kurs:Algebraische Kurven (Osnabrück 2025-2026)/K-Algebra/Algebraischer Kotangentialraum an K-Punkt/Direkte Derivation/Fakt/Faktreferenznummer,1061965,1061964,2025-12-09T08:04:36Z,bedc031c3cd8579e72fb2c6474f05027d2d6b40f,45
202,166415,106,course_local_other,Kurs:Algebraische Kurven (Osnabrück 2025-2026)/K-Spektrum/Algebraisch abgeschlossen und reduziert/Identitätssatz/Aufgabe/Aufgabereferenznummer,1068452,1051377,2026-02-02T08:46:07Z,f73b3a55567e04c281c186b25abfd4760885e8c6,49
203,166749,106,course_local_other,Kurs:Algebraische Kurven (Osnabrück 2025-2026)/K-Spektrum/Algebraisch abgeschlossen/Affine Ebene ohne einen Punkt/Schnittring/Aufgabe/Aufgabereferenznummer,1061216,1051843,2025-12-04T10:26:40Z,47071673d3bc70234d05f22dbe29aa4e22a75f54,49
204,166410,106,course_local_other,Kurs:Algebraische Kurven (Osnabrück 2025-2026)/K-Spektrum/Algebraisch abgeschlossen/Hilbertscher Nullstellensatz/Aufgabe/Aufgabereferenznummer,1068451,1051370,2026-02-02T08:45:57Z,56e60720e450f884ce19efaa861835b2f7b416f4,49
205,166425,106,course_local_other,Kurs:Algebraische Kurven (Osnabrück 2025-2026)/K-Spektrum/Algebraisch abgeschlossen/Punkt/Halm ist Lokalisierung/Fakt/Faktreferenznummer,1051399,0,2025-08-18T08:21:57Z,63aa323847d2b2da6abd6a8c750ec3ca3cf307a8,46
206,166444,106,course_local_other,Kurs:Algebraische Kurven (Osnabrück 2025-2026)/K-Spektrum/Algebraisch abgeschlossener Körper/Algebraische (reguläre) Funktion auf D(f)/Ist R f/Fakt/Faktreferenznummer,1051425,0,2025-08-18T08:26:58Z,acb956c00b57b3aa7cbc60b0812591ebde1a29d4,50
207,166438,106,course_local_other,Kurs:Algebraische Kurven (Osnabrück 2025-2026)/K-Spektrum/Algebraisch abgeschlossener Körper/Algebraische (reguläre) Funktion auf offener Menge/Globaler Schnittring ist Koordinatenring/Fakt/Faktreferenznummer,1051418,0,2025-08-18T08:25:47Z,87fe2602f19e7b1ec89435d2a17736c9d90eeffc,45
208,166439,106,course_local_other,Kurs:Algebraische Kurven (Osnabrück 2025-2026)/K-Spektrum/Algebraisch abgeschlossener Körper/Algebraische (reguläre) Funktion auf offener Menge/Punktweise und global/Definition/Definitionreferenznummer,1051419,0,2025-08-18T08:25:57Z,18a80544fcdf2a37218fa8891451c6b3a9b2fb7c,51
209,166423,106,course_local_other,Kurs:Algebraische Kurven (Osnabrück 2025-2026)/K-Spektrum/Algebraisch abgeschlossener Körper/Algebraische Funktion auf offener Menge/Ring/Fakt/Faktreferenznummer,1051396,0,2025-08-18T08:21:17Z,429ea4fa3c1bc556f7a355549cd2f4b59920b0ad,46
210,166440,106,course_local_other,Kurs:Algebraische Kurven (Osnabrück 2025-2026)/K-Spektrum/Algebraisch abgeschlossener Körper/Verschiedene rationale Darstellungen einer aIgebraischen Funktion/Beziehung im Koordinatenring/Fakt/Faktreferenznummer,1051420,0,2025-08-18T08:26:18Z,2ac6e19caf8ad664db15a011eb723b26ebfa12af,46
211,166446,106,course_local_other,"Kurs:Algebraische Kurven (Osnabrück 2025-2026)/K-Spektrum/Irreduzible Filter, Primideale, irreduzible Teilmengen/Fakt/Faktreferenznummer",1051428,0,2025-08-18T08:27:38Z,1985c3a96498475944944244ec6eada9fe6d6354,45
212,166447,106,course_local_other,"Kurs:Algebraische Kurven (Osnabrück 2025-2026)/K-Spektrum/Quasiaffin/Abbildung nach affiner Raum faktorisiert durch V genau dann, wenn Ideal im Kern/Aufgabe/Aufgabereferenznummer",1061232,1061217,2025-12-04T11:07:58Z,b3885850be9a6ca45296c735e37f8c987d9fdf24,48
213,167779,106,course_local_other,Kurs:Algebraische Kurven (Osnabrück 2025-2026)/K-Spektrum/Quasiaffin/Globaler Schnitt/Stetige Abbildung/Aufgabe/Aufgabereferenznummer,1061215,0,2025-12-04T10:26:30Z,b0a6a81006b0f2021c5651e0ebd528d6aaf139da,48
214,166424,106,course_local_other,Kurs:Algebraische Kurven (Osnabrück 2025-2026)/K-Spektrum/Ring der algebraischen Funktionen/Restriktion/Fakt/Faktreferenznummer,1051398,0,2025-08-18T08:21:37Z,6d3b5b3ddf7d8865085314a21f8380a79b90c97c,46
215,166441,106,course_local_other,Kurs:Algebraische Kurven (Osnabrück 2025-2026)/K-Spektrum/Ring der algebraischen Funktionen/U subseteq D(f)/Unabhängigkeit/Fakt/Faktreferenznummer,1051422,0,2025-08-18T08:26:28Z,ea451b35bd81a693ffda6e74eabfad18ee6215ac,46
216,166448,106,course_local_other,Kurs:Algebraische Kurven (Osnabrück 2025-2026)/K-Spektrum/Ringhomomorphismus induziert Morphismus/Fakt/Faktreferenznummer,1051430,0,2025-08-18T08:27:58Z,719c1135f79b8a3bebd443e36d8fdae68b6089b0,45
217,166442,106,course_local_other,Kurs:Algebraische Kurven (Osnabrück 2025-2026)/K-Spektrum/Standardoperationen auf A^1 als Morphismen/Aufgabe/Aufgabereferenznummer,1068455,1062606,2026-02-02T08:46:37Z,71ac84f53d72b3226ed40eeda55822b8f6a76f22,49
218,167464,106,course_local_other,Kurs:Algebraische Kurven (Osnabrück 2025-2026)/Kein Quadrat/Quadratisches Polynom/Irreduzibel/Aufgabe/Aufgabereferenznummer,1057982,0,2025-11-07T07:50:45Z,1210deb50bc5fbf00d43dc10b39f08533b901792,48
219,166453,106,course_local_other,Kurs:Algebraische Kurven (Osnabrück 2025-2026)/Kommutative Monoidringe/Funktorialität im Monoid/Fakt/Faktreferenznummer,1051436,0,2025-08-18T08:28:48Z,546b98c8b99fb2c8cf6d1e464ef55fae3492ee31,49
220,166454,106,course_local_other,Kurs:Algebraische Kurven (Osnabrück 2025-2026)/Kommutative Monoidringe/Funktorialität im Monoid/Surjektivität/Fakt/Faktreferenznummer,1051437,0,2025-08-18T08:28:58Z,68eb212e2694fc321eecd4c5ea2b49486d7ac5c2,47
221,167424,106,course_local_other,Kurs:Algebraische Kurven (Osnabrück 2025-2026)/Kommutative Monoidringe/Polynomring als Monoidring (mehrere Variablen)/Beispiel/Beispielreferenznummer,1057744,0,2025-11-05T09:10:57Z,521a2775b646b75663bda694b231337567235cb5,49
222,166458,106,course_local_other,Kurs:Algebraische Kurven (Osnabrück 2025-2026)/Kommutative Monoidringe/R-wertige Punkte/Bemerkung/Bemerkungreferenznummer,1051442,0,2025-08-18T08:29:38Z,5a990845a5b3f3a990fe98adbcb8ebfebc694747,50
223,166455,106,course_local_other,Kurs:Algebraische Kurven (Osnabrück 2025-2026)/Kommutative Monoidringe/Universelle Eigenschaft für R-Algebren mit Monoidabbildung/Fakt/Faktreferenznummer,1051438,0,2025-08-18T08:29:08Z,0eacf00da57299636bc64f17839e0151aeb36a43,45
224,166456,106,course_local_other,Kurs:Algebraische Kurven (Osnabrück 2025-2026)/Kommutative Monoidtheorie/Differenzengruppe/Gruppe/Aufgabe/Aufgabereferenznummer,1068456,1062219,2026-02-02T08:46:47Z,bdf676416d6642117bafb112bc282fdef2170c81,49
225,166396,106,course_local_other,Kurs:Algebraische Kurven (Osnabrück 2025-2026)/Kommutative Ringtheorie/Algebra von endlichem Typ/Körper/Noethersch/Fakt/Faktreferenznummer,1051353,0,2025-08-18T08:08:14Z,2bbadf81ba4c9ddd935ab0f937c35c752ca6e470,48
226,166463,106,course_local_other,Kurs:Algebraische Kurven (Osnabrück 2025-2026)/Kommutative Ringtheorie/Diskreter Bewertungsring/Definition/Definitionreferenznummer,1051448,0,2025-08-18T08:30:38Z,f4f245fddb275fe501bd3e893db77e24eefa5fbc,51
227,167886,106,course_local_other,Kurs:Algebraische Kurven (Osnabrück 2025-2026)/Kommutative Ringtheorie/f nicht nilpotent/Existenz von Primidealen/Fakt/Beweis/Aufgabe/Aufgabereferenznummer,1062482,0,2025-12-16T10:28:39Z,49961b74b901b8a8dae73fe159e50f2224b29a81,49
228,166744,106,course_local_other,Kurs:Algebraische Kurven (Osnabrück 2025-2026)/Kommutative Ringtheorie/f nicht nilpotent/Existenz von Primidealen/Fakt/Faktreferenznummer,1051832,0,2025-08-18T11:06:40Z,0f927ca411e58a62b9135811b91ec24cfcb7cad1,75
229,166464,106,course_local_other,Kurs:Algebraische Kurven (Osnabrück 2025-2026)/Kommutative Ringtheorie/Faktoriell/Normal/Fakt/Faktreferenznummer,1051449,0,2025-08-18T08:30:48Z,b4d486195cbe6942d3acfff64e8e05e125e2e9d6,45
230,166462,106,course_local_other,Kurs:Algebraische Kurven (Osnabrück 2025-2026)/Kommutative Ringtheorie/Ganzheit/Ganzer Abschluss/Ring/Fakt/Faktreferenznummer,1051447,0,2025-08-18T08:30:28Z,04593c920c1239892117cc365a89e395ff36eee4,50
231,166465,106,course_local_other,Kurs:Algebraische Kurven (Osnabrück 2025-2026)/Kommutative Ringtheorie/Ganzheit/Ganzes Element/Charakterisierung/Fakt/Faktreferenznummer,1051450,0,2025-08-18T08:30:58Z,b4ea431bbbd8f099734353c578ca2b980ebf8d3b,46
232,166417,106,course_local_other,Kurs:Algebraische Kurven (Osnabrück 2025-2026)/Kommutative Ringtheorie/Hilbertscher Basissatz/Endliche viele Variablen/Fakt/Faktreferenznummer,1051379,0,2025-08-18T08:12:34Z,95fb9eaa29df92efa23198c7f15ed6e4c4fc5845,48
233,166397,106,course_local_other,Kurs:Algebraische Kurven (Osnabrück 2025-2026)/Kommutative Ringtheorie/Ideale/Radikal ist Durchschnitt von Primidealen/Aufgabe/Aufgabereferenznummer,1051354,0,2025-08-18T08:08:24Z,fc5f7ec1a90c18183d10ad51fa88a09579e112c7,49
234,166743,106,course_local_other,Kurs:Algebraische Kurven (Osnabrück 2025-2026)/Kommutative Ringtheorie/Ideale/Radikal und reduzierter Restklassenring/Aufgabe/Aufgabereferenznummer,1051829,1051828,2025-08-18T11:04:19Z,5688aa0971f462292556ac08f34efe3b8b955344,48
235,166449,106,course_local_other,Kurs:Algebraische Kurven (Osnabrück 2025-2026)/Kommutative Ringtheorie/K-Spektrum/Multiplikatives System und topologischer Filter/Aufgabe/Aufgabereferenznummer,1062623,1062217,2025-12-18T15:11:43Z,4ece50bd56adf69574d5a87d72566af48655de2d,49
236,166746,106,course_local_other,Kurs:Algebraische Kurven (Osnabrück 2025-2026)/Kommutative Ringtheorie/K-Spektrum/Produktring/Fakt/Faktreferenznummer,1051839,1051834,2025-08-18T11:13:07Z,786025425629fc1e88aa92675dda1fc4790eac78,47
237,166435,106,course_local_other,Kurs:Algebraische Kurven (Osnabrück 2025-2026)/Kommutative Ringtheorie/Nenneraufnahme/Ein Element/Restklassendarstellung/Aufgabe/Aufgabereferenznummer,1051414,0,2025-08-18T08:25:17Z,1e23b588a72f702ad4e95ba6001553839da19c65,48
238,166466,106,course_local_other,Kurs:Algebraische Kurven (Osnabrück 2025-2026)/Kommutative Ringtheorie/Noethersch lokal nulldimensional/Potenz ist null/Fakt/Faktreferenznummer,1051451,0,2025-08-18T08:31:08Z,52996924991cc54eb5ff2f4cdbc0559f36d53b9e,46
239,166398,106,course_local_other,Kurs:Algebraische Kurven (Osnabrück 2025-2026)/Kommutative Ringtheorie/Noethersche Ringe/Endlich erzeugte Moduln sind noethersch/Fakt/Faktreferenznummer,1051355,0,2025-08-18T08:08:34Z,bb99707fc5e30de00e6f7ee07e74502b5a4a5fe2,45
240,168293,106,course_local_other,Kurs:Algebraische Kurven (Osnabrück 2025-2026)/Kommutative Ringtheorie/Noethersche Ringe/Äquivalente Formulierungen/Fakt/Faktreferenznummer,1066804,1066803,2026-01-24T11:50:15Z,f9d38c755592c989df5c0f6c76a83a572d1b579e,51
241,166484,106,course_local_other,Kurs:Algebraische Kurven (Osnabrück 2025-2026)/Kommutative Ringtheorie/Normal/Durchschnitt von normalen Ringen/Aufgabe/Aufgabereferenznummer,1062608,1051475,2025-12-18T11:07:24Z,9941d2a547b28e4cb317ee7903639ac575ebb1e9,48
242,166485,106,course_local_other,Kurs:Algebraische Kurven (Osnabrück 2025-2026)/Kommutative Ringtheorie/Normal/Nenneraufnahme ist normal/Fakt/Beweis/Aufgabe/Aufgabereferenznummer,1062607,1051476,2025-12-18T11:07:14Z,94bb0ebddaf0a53a724dfe36ac0588bdf49b85ba,48
243,166418,106,course_local_other,Kurs:Algebraische Kurven (Osnabrück 2025-2026)/Kommutative Ringtheorie/Polynomring über Körper/Endliche viele Variablen/Noethersch/Fakt/Faktreferenznummer,1051380,0,2025-08-18T08:12:44Z,4873fa50ab1dd28cef3623d95db02ef114c8832c,48
244,167608,106,course_local_other,Kurs:Algebraische Kurven (Osnabrück 2025-2026)/Kommutative Ringtheorie/Primideal/Charakterisierung mit Restklassenring/Fakt/Beweis/Aufgabe/Aufgabereferenznummer,1068467,1059283,2026-02-02T08:48:17Z,5dbe7d3ab8511fcbeb9def2cf6dbd49ec6b0efc2,48
245,166740,106,course_local_other,Kurs:Algebraische Kurven (Osnabrück 2025-2026)/Kommutative Ringtheorie/Primideal/Charakterisierung mit Restklassenring/Fakt/Faktreferenznummer,1051819,0,2025-08-18T10:52:45Z,0f927ca411e58a62b9135811b91ec24cfcb7cad1,75
246,166361,106,course_local_other,Kurs:Algebraische Kurven (Osnabrück 2025-2026)/Kommutative Ringtheorie/Primideal/Unter Morphismus/Aufgabe/Aufgabereferenznummer,1068468,1056169,2026-02-02T08:48:27Z,8395b81cb78d05c614b36903ce499387eb189a00,48
247,169727,106,course_local_other,Kurs:Algebraische Kurven (Osnabrück 2025-2026)/Kommutative Ringtheorie/Ringhomomorphismus/Kern ist Ideal/Fakt/Faktreferenznummer,1073802,0,2026-02-27T12:38:31Z,7128de92cc1042eb504f3025400f6dfbf24e52de,42
248,166432,106,course_local_other,Kurs:Algebraische Kurven (Osnabrück 2025-2026)/Kommutative Ringtheorie/Transitivität der Endlichkeit (Algebren)/Aufgabe/Aufgabereferenznummer,1051410,0,2025-08-18T08:24:17Z,de5f911f181baeae1d25e03a9cb18291ca5aa4aa,49
249,166486,106,course_local_other,Kurs:Algebraische Kurven (Osnabrück 2025-2026)/Kommutatives Monoid/Torsionsfrei/Differenzgruppe ist torsionsfrei/Aufgabe/Aufgabereferenznummer,1062609,1051477,2025-12-18T11:07:34Z,79a9e879b28c6c2f8993d0d8a4fb1c9746ef109c,49
250,166384,106,course_local_other,Kurs:Algebraische Kurven (Osnabrück 2025-2026)/Kurze exakte Sequenz/Modul/Duale Sequenz/Aufgabe/Aufgabereferenznummer,1051339,0,2025-08-18T08:06:14Z,24d4a7708de1c578e9c153360f98c080fc040345,48
251,167062,106,course_local_other,Kurs:Algebraische Kurven (Osnabrück 2025-2026)/Körper/Integritätsbereich/Fakt/Faktreferenznummer,1055586,0,2025-10-16T09:42:47Z,f6b86928c056ebda40db112bac28446f3cea94e8,77
252,167041,106,course_local_other,Kurs:Algebraische Kurven (Osnabrück 2025-2026)/Lieblingspolynome/Textabschnitt,1055442,0,2025-10-14T15:40:04Z,f7280d6de09757c21e97308b76855c7e450e05c4,2843
253,166379,106,course_local_other,Kurs:Algebraische Kurven (Osnabrück 2025-2026)/Linearer Endomorphismus/Lineare Transformationsformel/Fakt/Faktreferenznummer,1051319,0,2025-08-18T07:50:54Z,c8ec485569bc3a1a3d52de632a4d4035e301d358,91
254,165864,106,course_local_other,Kurs:Algebraische Kurven (Osnabrück 2025-2026)/Links,1032906,0,2025-08-11T13:32:26Z,9fb7e57bad2c671dd2a0a1aebbc5f56fd5ec7abe,277
255,165952,106,course_local_other,Kurs:Algebraische Kurven (Osnabrück 2025-2026)/Liste der Hauptsätze,1112554,1092789,2026-08-21T15:51:38Z,1e5936767887ec8dd0d650780749eda268552b7a,8607
256,165953,106,course_local_other,Kurs:Algebraische Kurven (Osnabrück 2025-2026)/Liste der Hauptsätze/Zufallsabfrage,1032999,0,2025-08-11T13:50:36Z,d43e2206dc32eb0e7ea10654866b9dcfb6c7dbc5,194
257,165862,106,course_local_other,Kurs:Algebraische Kurven (Osnabrück 2025-2026)/Literatur,1051869,1032904,2025-08-18T12:40:10Z,75e5c2acd42c334077b16188bb035c36a64bbc2d,722
258,166921,106,course_local_other,Kurs:Algebraische Kurven (Osnabrück 2025-2026)/Lizenzerklärung,1054579,0,2025-09-29T11:06:41Z,c914f4f47acd7cffab542e6ae29002aa9e5ced3e,36
259,166497,106,course_local_other,Kurs:Algebraische Kurven (Osnabrück 2025-2026)/Lokaler Ring/Modulerzeuger und Erzeuger mod m/Fakt/Faktreferenznummer,1051488,0,2025-08-18T08:49:50Z,0037f79059f1c0ebc11fd8f6a7b9fb37e0d6935b,46
260,165877,106,course_local_other,Kurs:Algebraische Kurven (Osnabrück 2025-2026)/Materialaufzählung,1093866,1068469,2026-06-11T11:07:25Z,bbbfb74b4dd2f1bb298e047cd0d682f504735429,1405
261,165860,106,course_local_other,Kurs:Algebraische Kurven (Osnabrück 2025-2026)/Materialien,1032902,0,2025-08-11T13:31:26Z,aced1471ebbb15024281932d361e91ac87d037fc,235
262,166469,106,course_local_other,Kurs:Algebraische Kurven (Osnabrück 2025-2026)/Mechanisch definierte Kurven/Stangenkonfiguration/Kreis und tangentiale Gerade/Beispiel/Beispielreferenznummer,1051460,0,2025-08-18T08:44:40Z,2dfaefefcf1e0c66f5efce9b5025a7dfe9d31ee7,48
263,167466,106,course_local_other,Kurs:Algebraische Kurven (Osnabrück 2025-2026)/Mechanisch definierte Kurven/Stangenkonfiguration/Kreis und tangentiale Gerade/Irreduzibel/Aufgabe/Aufgabereferenznummer,1057986,0,2025-11-07T07:57:21Z,26441ecab1d17b0021e225189a2feb79e73ba469,48
264,167465,106,course_local_other,Kurs:Algebraische Kurven (Osnabrück 2025-2026)/Mechanisch definierte Kurven/Stangenkonfiguration/Kreis und tangentiale Gerade/Zweidimensionale Interpretation/Aufgabe/Aufgabereferenznummer,1057985,0,2025-11-07T07:57:05Z,43b45004ec25d261ed9c06a26076cf9ee72ba8d0,47
265,166371,106,course_local_other,Kurs:Algebraische Kurven (Osnabrück 2025-2026)/Mechanische ebene Kurven/Stangenkoppelung/Bemerkung/Bemerkungreferenznummer,1051307,0,2025-08-18T07:39:08Z,aa321c18aaa2adb744132205a413df22fb2d1106,49
266,166366,106,course_local_other,Kurs:Algebraische Kurven (Osnabrück 2025-2026)/Mechanisches System/Abbildung auf Kreis/Stangenrichtung/Aufgabe/Aufgabereferenznummer,1057980,1051301,2025-11-07T07:49:19Z,e145b504e561dbb77d7d4a1b717f4add4438931f,48
267,166367,106,course_local_other,Kurs:Algebraische Kurven (Osnabrück 2025-2026)/Mechanisches System/Kreis/Gerade/Disjunkt/Regularität über Jacobi-Matrix/Aufgabe/Aufgabereferenznummer,1057983,1051302,2025-11-07T07:51:05Z,ab2f172348df79c72f7d35f68b512fbeb1a55490,48
268,166385,106,course_local_other,Kurs:Algebraische Kurven (Osnabrück 2025-2026)/Modultheorie (kommutative Algebra)/Kurze exakte Sequenz/Definition/Definitionreferenznummer,1051340,0,2025-08-18T08:06:24Z,bc16665c4001a2c8a8679231dfaa8d9f772c7b11,51
269,166399,106,course_local_other,Kurs:Algebraische Kurven (Osnabrück 2025-2026)/Modultheorie (kommutative Algebra)/Noethersche Moduln/Kurze exakte Sequenz/Äquivalentes Kriterium/Fakt/Faktreferenznummer,1051356,0,2025-08-18T08:08:44Z,6df7ce37d60fcb7a6dca78f936d82d9811bd6b1f,46
270,166526,106,course_local_other,Kurs:Algebraische Kurven (Osnabrück 2025-2026)/Modultheorie/Exakte Komplexe/Kurze exakte Sequenzen/Aufgabe/Aufgabereferenznummer,1051521,0,2025-08-18T08:55:40Z,e091b2939bbd7ca4eb21518ba088cd17afffd9a4,49
271,166426,106,course_local_other,Kurs:Algebraische Kurven (Osnabrück 2025-2026)/Monoid/Diagonale und Komultiplikation/Aufgabe/Aufgabereferenznummer,1057746,1051401,2025-11-05T09:11:17Z,9c32ff57ce0a57007fc36ae0abdcc9b16b599a2e,49
272,166474,106,course_local_other,Kurs:Algebraische Kurven (Osnabrück 2025-2026)/Monoid/Semipositive Graduierung/Potenzreihenring/Aufgabe/Aufgabereferenznummer,1051465,0,2025-08-18T08:45:30Z,43677586315cc86287c972eccb3e94e832cd9177,49
273,166457,106,course_local_other,Kurs:Algebraische Kurven (Osnabrück 2025-2026)/Monoid/Zugehörige Differenzengruppe/Charakterisierungen Kürzungsregel/Aufgabe/Aufgabereferenznummer,1068457,1062220,2026-02-02T08:46:57Z,3ada90545063ee019e9426dc3e7bc767aae6fb5d,49
274,166467,106,course_local_other,Kurs:Algebraische Kurven (Osnabrück 2025-2026)/Monoidringe/Dimension zwei/Standardkegel/Z^2-XY/Monoid und Bewertungen/Beispiel/Beispielreferenznummer,1062474,1051458,2025-12-16T10:05:39Z,a29157dfc55d18f33ada5651369380cb3d4e01b3,50
275,166364,106,course_local_other,"Kurs:Algebraische Kurven (Osnabrück 2025-2026)/Monomiale Abbildung/S,ST^2,ST/Gleichung für Bild/Aufgabe/Aufgabereferenznummer",1059356,1057872,2025-11-19T11:08:42Z,feb97d2bfea06f815ba12f55116386351e2c1e06,48
276,166520,106,course_local_other,Kurs:Algebraische Kurven (Osnabrück 2025-2026)/Monomiale Kurve/Hilbert-Samuel Multiplizität ist numerische Multiplizität/Fakt/Faktreferenznummer,1051513,0,2025-08-18T08:54:30Z,7a80b5f7879a088960d5c17fb45d472eb0e83cc4,49
277,166470,106,course_local_other,Kurs:Algebraische Kurven (Osnabrück 2025-2026)/Monomiale Kurven/Multiplizität/Abschätzungen für Anzahl in Differenzmengen/Fakt/Faktreferenznummer,1051461,0,2025-08-18T08:44:50Z,d33f9305f94096b4f1e8a9bb84bfd70aa57def54,46
278,166427,106,course_local_other,Kurs:Algebraische Kurven (Osnabrück 2025-2026)/Monomiale Kurvenabbildung/Bijektiv/Fakt/Faktreferenznummer,1051402,0,2025-08-18T08:22:37Z,68fbcaa2dd8fdc98bcb7b9efe8c014cd7291fade,46
279,165856,106,course_local_other,Kurs:Algebraische Kurven (Osnabrück 2025-2026)/Navigation,1032898,0,2025-08-11T13:30:06Z,da28f5a1b33e47146d2c7ff578bc67e990b40ac0,183
280,166428,106,course_local_other,"Kurs:Algebraische Kurven (Osnabrück 2025-2026)/Neilsche Parabel/(1,1)/Gerade trifft/Aufgabe/Aufgabereferenznummer",1055589,1055485,2025-10-16T09:57:05Z,c972a62a59ad2c3dc70d8f634accd525e69e0835,48
281,166351,106,course_local_other,Kurs:Algebraische Kurven (Osnabrück 2025-2026)/Neilsche Parabel/Bildbeschreibung durch Gleichung/Aufgabe/Aufgabereferenznummer,1055483,1051281,2025-10-15T08:47:03Z,010fa3cece430cc5876875b4a700c685e26daa40,47
282,166420,106,course_local_other,Kurs:Algebraische Kurven (Osnabrück 2025-2026)/Nenneraufnahme/f/Nilpotent/Aufgabe/Aufgabereferenznummer,1051392,0,2025-08-18T08:20:17Z,fb2837ff84201afa6391a787e8fb670a36fa195e,48
283,166436,106,course_local_other,Kurs:Algebraische Kurven (Osnabrück 2025-2026)/Nenneraufnahme/Mit Nullteilern/Begriff/Aufgabe/Aufgabereferenznummer,1051415,0,2025-08-18T08:25:27Z,46baebbcce8c5060ba2371877eccd9b9355ee3c7,48
284,166437,106,course_local_other,Kurs:Algebraische Kurven (Osnabrück 2025-2026)/Nenneraufnahme/Universelle Eigenschaft/Fakt/Beweis/Aufgabe/Aufgabereferenznummer,1051416,0,2025-08-18T08:25:37Z,01d29ea660a85f936f3c693d6760ea2036791cef,48
285,168425,106,course_local_other,Kurs:Algebraische Kurven (Osnabrück 2025-2026)/Nenneraufnahme/Universelle Eigenschaft/Fakt/Faktreferenznummer,1068079,1068078,2026-01-31T09:30:09Z,01d29ea660a85f936f3c693d6760ea2036791cef,48
286,166498,106,course_local_other,Kurs:Algebraische Kurven (Osnabrück 2025-2026)/Noetherscher lokaler Ring/Potenzen vom maximalen Ideal/Restklassenring und Jets sind endlich-dimensional/Fakt/Faktreferenznummer,1051489,0,2025-08-18T08:50:10Z,62c814ceeedb5c9d0569d9d05437337827ac0810,46
287,166507,106,course_local_other,Kurs:Algebraische Kurven (Osnabrück 2025-2026)/Noetherscher Nulldimensionaler Ring/Produktdarstellung/Fakt/Faktreferenznummer,1051498,0,2025-08-18T08:52:00Z,96f05df3b9dc9d855410d2a69d3df0d02668abbf,45
288,166419,106,course_local_other,Kurs:Algebraische Kurven (Osnabrück 2025-2026)/Noetherscher Ring/Kommutativ/Restklassenring/Noethersch/Fakt/Faktreferenznummer,1051382,0,2025-08-18T08:12:54Z,bfca7953660cbb18bc6eeede50607c08faba600e,45
289,166490,106,course_local_other,Kurs:Algebraische Kurven (Osnabrück 2025-2026)/Noetherscher Ring/Maximales Ideal/Kotangentialraum direkt und über lokalen Ring/Fakt/Faktreferenznummer,1051481,0,2025-08-18T08:48:20Z,fe2013c71ff8f2e348359f8cf99cbc89e4633391,46
290,166460,106,course_local_other,Kurs:Algebraische Kurven (Osnabrück 2025-2026)/Numerische Halbgruppe/Teilerfremde Erzeuger/Ab n alles/Fakt/Faktreferenznummer,1092788,1051444,2026-06-01T17:48:19Z,57099b3cc59ed279b91d3b956630eef52bd424d9,46
291,166459,106,course_local_other,Kurs:Algebraische Kurven (Osnabrück 2025-2026)/Numerische Halbgruppe/Teilerfremde Erzeuger/Minimales Standard-Erzeugendensystem/Fakt/Faktreferenznummer,1051443,0,2025-08-18T08:29:58Z,6aef08e1b760b0dd74a9ee72bc9e8122a7d687a5,47
292,166491,106,course_local_other,Kurs:Algebraische Kurven (Osnabrück 2025-2026)/Numerische Halbgruppe/Teilerfremde Erzeuger/Numerische Einbettungsdimension/Charakterisierung mit M+ ohne M+^2/Fakt/Faktreferenznummer,1051482,0,2025-08-18T08:48:30Z,6684f76bcf7a2f3f6448c1d80af3c5681e54f28c,50
293,166492,106,course_local_other,Kurs:Algebraische Kurven (Osnabrück 2025-2026)/Numerische Halbgruppe/Teilerfremde Erzeuger/Numerische Einbettungsdimension/Definition/Definitionreferenznummer,1051483,0,2025-08-18T08:48:40Z,43ddbb1c128635e254c34195529919b54c807a3c,51
294,166747,106,course_local_other,Kurs:Algebraische Kurven (Osnabrück 2025-2026)/Numerische Halbgruppe/Teilerfremde Erzeuger/Singularitätsgrad/Beziehung zur Normalisierung/Fakt/Faktreferenznummer,1062476,1051840,2025-12-16T10:05:59Z,809677100065053a3a95fe29002cfc4411e57419,47
295,166378,106,course_local_other,Kurs:Algebraische Kurven (Osnabrück 2025-2026)/Polynomring (Körper)/Nullstellen/Anzahl/Fakt/Faktreferenznummer,1051318,0,2025-08-18T07:50:02Z,f6b86928c056ebda40db112bac28446f3cea94e8,77
296,166359,106,course_local_other,Kurs:Algebraische Kurven (Osnabrück 2025-2026)/Polynomring über faktoriellem Grundring/Teilerfremd/Teilerfremd über Quotientenkörper/Aufgabe/Aufgabereferenznummer,1068470,1056170,2026-02-02T08:48:37Z,2fb2013839d9e4310503e3fe22b63bb2a8b01bbc,48
297,166388,106,course_local_other,Kurs:Algebraische Kurven (Osnabrück 2025-2026)/Polynomring über Körper/Punkte im affinen Raum und K-Algebra-Homomorphismen/Identifizierung/Fakt/Faktreferenznummer,1051344,0,2025-08-18T08:06:54Z,36ddebf3eb2d66c8521095b96ef74620e00d1ef5,46
298,166477,106,course_local_other,Kurs:Algebraische Kurven (Osnabrück 2025-2026)/Polynomring/1/K/Verschwindungsordnung/Aufgabe/Aufgabereferenznummer,1051468,0,2025-08-18T08:46:00Z,2812e7e190a769d0be6ecfee2ac941bee0596898,49
299,166499,106,course_local_other,Kurs:Algebraische Kurven (Osnabrück 2025-2026)/Polynomring/2/Multiplizität/Multiplikation/Aufgabe/Aufgabereferenznummer,1064862,1051490,2026-01-13T11:14:35Z,e3e3a5ed69a658b9ceffafd484b40d982d901e41,48
300,166527,106,course_local_other,Kurs:Algebraische Kurven (Osnabrück 2025-2026)/Polynomring/Dehomogenisierung/Gleichheit und gleicher Grad/Aufgabe/Aufgabereferenznummer,1059355,1057871,2025-11-19T11:08:32Z,9599e296c6bb8511724a4e4e26116ee5a247c537,48
301,166411,106,course_local_other,Kurs:Algebraische Kurven (Osnabrück 2025-2026)/Polynomring/K-Spektrum/Polynomiale Abbildung/Aufgabe/Aufgabereferenznummer,1068453,1051371,2026-02-02T08:46:17Z,32e46495144c85fd6e535cfe1f95e31982838c1d,49
302,166475,106,course_local_other,Kurs:Algebraische Kurven (Osnabrück 2025-2026)/Potenzreihenring eine Variable/Abbildung der Lokalisierung an maximalen Ideal/Aufgabe/Aufgabereferenznummer,1051466,0,2025-08-18T08:45:40Z,245210f1890827e269020d66f344980e69e302a0,48
303,166502,106,course_local_other,Kurs:Algebraische Kurven (Osnabrück 2025-2026)/Potenzreihenring/Eine Variable/Konstanter Koeffizient/Ringhomomorphismus/Aufgabe/Aufgabereferenznummer,1051493,0,2025-08-18T08:51:00Z,0529f812a2e5d25292929cb658b5cb710456ab3a,48
304,166346,106,course_local_other,Kurs:Algebraische Kurven (Osnabrück 2025-2026)/Primpolynom/Ebene Kurve/Unendlich viele Punkte/Irreduzibel/Fakt/Faktreferenznummer,1051275,0,2025-08-18T07:29:19Z,56810553ba1a26c09b57b18a272e47463623dcde,48
305,166479,106,course_local_other,Kurs:Algebraische Kurven (Osnabrück 2025-2026)/Projektion weg vom Punkt/Auf Kurve/Sekanten/Aufgabe/Aufgabereferenznummer,1068466,1051470,2026-02-02T08:48:07Z,1a57c8bfb1c3f862d167df7e627b517c1ba6d48e,49
306,166521,106,course_local_other,Kurs:Algebraische Kurven (Osnabrück 2025-2026)/Projektive Abbildung/Morphismus durch homogenen Polynome vom gleichen Grad/Auf offener Menge/Aufgabe/Aufgabereferenznummer,1068465,1067395,2026-02-02T08:47:57Z,f7fd86a65ee283abb1cede957763b135e57358b8,49
307,166513,106,course_local_other,Kurs:Algebraische Kurven (Osnabrück 2025-2026)/Projektive Varietät/Wird überdeckt von affinen Varietäten/Fakt/Faktreferenznummer,1051505,0,2025-08-18T08:53:10Z,fbeecd72e5aae646b44fded9979791d741d01baf,46
308,166522,106,course_local_other,Kurs:Algebraische Kurven (Osnabrück 2025-2026)/Projektiver Raum/Projektion weg von beliebigem Punkt/Matrixbeschreibung/Aufgabe/Aufgabereferenznummer,1067708,1051515,2026-01-29T15:01:42Z,90430482438e10846492795f72914ced43e9f6b8,49
309,166508,106,course_local_other,Kurs:Algebraische Kurven (Osnabrück 2025-2026)/Projektiver Raum/R oder C/Offen überdeckt und Mannigfaltigkeit/Fakt/Faktreferenznummer,1051499,0,2025-08-18T08:52:20Z,bd3d49482d9b1511839da11fed3ef57c3ee081b1,47
310,166528,106,course_local_other,Kurs:Algebraische Kurven (Osnabrück 2025-2026)/Projektiver Raum/Unendlicher Körper/Endlich viele Punkte in affiner Umgebung/Aufgabe/Aufgabereferenznummer,1068460,1067393,2026-02-02T08:47:17Z,63f121a7b92ff05328430a9309c0021697be0e6c,49
311,166514,106,course_local_other,Kurs:Algebraische Kurven (Osnabrück 2025-2026)/Projektiver Raum/Zariski Topologie/Einschränkung auf affinen Raum/Aufgabe/Aufgabereferenznummer,1068458,1067392,2026-02-02T08:47:07Z,377743c9d3ec972618d79ebc560b78f3f148d453,49
312,166382,106,course_local_other,Kurs:Algebraische Kurven (Osnabrück 2025-2026)/Pythagoreische Tripel/Parametrische Charakterisierung/Fakt/Faktreferenznummer,1051337,0,2025-08-18T08:05:32Z,0f927ca411e58a62b9135811b91ec24cfcb7cad1,75
313,166365,106,course_local_other,Kurs:Algebraische Kurven (Osnabrück 2025-2026)/Quadrik in zwei Variablen/Rationale Parametrisierung/Fakt/Faktreferenznummer,1051300,0,2025-08-18T07:36:08Z,069cd13b0045f48afdcc487c5a92d2a591ea1b54,44
314,166450,106,course_local_other,Kurs:Algebraische Kurven (Osnabrück 2025-2026)/Quasiaffine Varietät/Globale algebraische Funktion/Ist Morphismus nach affiner Geraden/Fakt/Faktreferenznummer,1051432,0,2025-08-18T08:28:18Z,47715931c44bdaf13b009380c6da3a2dc6b0b9ba,46
315,166451,106,course_local_other,Kurs:Algebraische Kurven (Osnabrück 2025-2026)/Quasiaffine Varietät/Morphismus nach affiner Geraden/Fakt/Faktreferenznummer,1051433,0,2025-08-18T08:28:28Z,e49657f75b08b8fc4315e4f53ffe9b450c5590d7,45
316,168429,106,course_local_other,Kurs:Algebraische Kurven (Osnabrück 2025-2026)/Quotientenkörper/Universelle Eigenschaft/Fakt/Faktreferenznummer,1068084,1068083,2026-01-31T09:35:57Z,35cc0232bdb3c1a401724d980b42598e9d8b23b5,49
317,166515,106,course_local_other,Kurs:Algebraische Kurven (Osnabrück 2025-2026)/R/Projektiver Abschluss/Homogene Gleichungen/Aufgabe/Aufgabereferenznummer,1068464,1067394,2026-02-02T08:47:47Z,8e0783a4f7b8f9f15d1df9b90fe857fe037127ad,49
318,166480,106,course_local_other,Kurs:Algebraische Kurven (Osnabrück 2025-2026)/Rationale Funktion/X/Graph/Parametrisierung des Abschlusses/Bemerkung/Bemerkungreferenznummer,1051471,0,2025-08-18T08:46:30Z,f318a17f87a2491f50639f9cdc08579695b669a2,50
319,166523,106,course_local_other,Kurs:Algebraische Kurven (Osnabrück 2025-2026)/Rationale Kurvenparametrisierung/Fortsetzung auf projektive Gerade/Fakt/Faktreferenznummer,1051517,0,2025-08-18T08:55:00Z,5bfad98291c480d8e681b6773a7fba08618c292a,45
320,167310,106,course_local_other,Kurs:Algebraische Kurven (Osnabrück 2025-2026)/Restklassenringe (Z)/p prim/Quadratsumme/Aufgabe/Aufgabereferenznummer,1057125,0,2025-10-31T11:44:36Z,90a2e620565cb5621ff330cd9e0ff50f20a9fd83,79
321,166493,106,course_local_other,Kurs:Algebraische Kurven (Osnabrück 2025-2026)/Ring/Maximales Ideale/Restekörper/Aufgabe/Aufgabereferenznummer,1062215,1051484,2025-12-11T13:08:44Z,42edaa0e2ecc8340368cd9b8807f4fa7241c3a99,48
322,166481,106,course_local_other,Kurs:Algebraische Kurven (Osnabrück 2025-2026)/Satz von Bézout/Graph zweier Polynome/Beispiel/Beispielreferenznummer,1107584,1051472,2026-07-16T17:40:14Z,615559d9ca8a218c284aac7e01853a7a42307b7c,49
323,166482,106,course_local_other,Kurs:Algebraische Kurven (Osnabrück 2025-2026)/Satz von Bézout/ZY^2-X^3 und (X-Z)^2+Y^2-1/Beispiel/Beispielreferenznummer,1107585,1051473,2026-07-16T17:40:26Z,6215d77dd5cad20acae0871df670a1d4fe829d64,49
324,166372,106,course_local_other,Kurs:Algebraische Kurven (Osnabrück 2025-2026)/Schnitt von zwei Zylindern/Projektion auf Flächen/Charakterisierung der Bilder/Aufgabe/Aufgabereferenznummer,1057981,1051308,2025-11-07T07:49:47Z,58215f980a835cfbe0bacb0c7121e9df27019f9d,48
325,168392,106,course_local_other,Kurs:Algebraische Kurven (Osnabrück 2025-2026)/Schnittmultiplizität/Graphen/Differenz/Aufgabe/Aufgabereferenznummer,1067862,1067861,2026-01-30T10:03:07Z,d60e597fd7404dda8c947e68e40eaeed49603aa0,48
326,166529,106,course_local_other,Kurs:Algebraische Kurven (Osnabrück 2025-2026)/Schnitttheorie von Kurven/Satz von Bézout/Dimension von Stufe im homogenen Restklassenring/Fakt/Faktreferenznummer,1107583,1051524,2026-07-16T17:39:35Z,42dc26e4aebf3b43358b353119a74e7fffc18865,46
327,166530,106,course_local_other,Kurs:Algebraische Kurven (Osnabrück 2025-2026)/Schnitttheorie von Kurven/Satz von Bézout/Fakt/Faktreferenznummer,1107586,1051525,2026-07-16T17:40:41Z,dfa4c281b75fa1814a6352996a7e4fedfc103f26,45
328,166483,106,course_local_other,Kurs:Algebraische Kurven (Osnabrück 2025-2026)/Schnitttheorie von Kurven/Satz von Bézout/Injektivität der Multiplikation mit Z im homogenen Restklassenring/Fakt/Faktreferenznummer,1106730,1051474,2026-07-12T11:45:19Z,e3ec1323c7c8dd3d09a05154b0d94745b9221619,46
329,166742,106,course_local_other,Kurs:Algebraische Kurven (Osnabrück 2025-2026)/Stetige Abbildung/Bild eines kompakten Raumes/Kompakt/Fakt/Faktreferenznummer,1051824,0,2025-08-18T10:57:12Z,d3db1998a9b6df3ea941bd0cb4ecdd9d01450514,90
330,166389,106,course_local_other,Kurs:Algebraische Kurven (Osnabrück 2025-2026)/Stetige Funktionen/R/Teilmenge/Ideal/Aufgabe/Aufgabereferenznummer,1068454,1051345,2026-02-02T08:46:27Z,c453d21745d9d10f702e4c57038ced6ea706d858,49
331,166745,106,course_local_other,Kurs:Algebraische Kurven (Osnabrück 2025-2026)/Tangentialabbildung/Punktweise/Elementare Eigenschaften/Fakt/Faktreferenznummer,1051833,0,2025-08-18T11:08:13Z,e0a49f4149fc968ec242c4c59943ee1037b1a740,83
332,165889,106,lecture,Kurs:Algebraische Kurven (Osnabrück 2025-2026)/Vorlesung 1,1108084,1055438,2026-07-20T08:57:22Z,f27b0f728e94e8c93cae91c77c898cc65318c41d,3571
333,165984,106,lecture_control,Kurs:Algebraische Kurven (Osnabrück 2025-2026)/Vorlesung 1/kontrolle,1033030,0,2025-08-11T13:55:46Z,b4fb7a17c1cd89774d7dbd81e7be5e7a5a6c6d9b,13
334,165954,106,lecture_latex,Kurs:Algebraische Kurven (Osnabrück 2025-2026)/Vorlesung 1/latex,1033000,0,2025-08-11T13:50:46Z,3034e92c1843eab298fb5f6f859d2c89cf824d61,9
335,165899,106,lecture,Kurs:Algebraische Kurven (Osnabrück 2025-2026)/Vorlesung 10,1051326,1032944,2025-08-18T07:56:09Z,2635c363f022af1e0603447bbac65bfe71e87a46,1331
336,165993,106,lecture_control,Kurs:Algebraische Kurven (Osnabrück 2025-2026)/Vorlesung 10/kontrolle,1033040,0,2025-08-11T13:57:16Z,b4fb7a17c1cd89774d7dbd81e7be5e7a5a6c6d9b,13
337,165963,106,lecture_latex,Kurs:Algebraische Kurven (Osnabrück 2025-2026)/Vorlesung 10/latex,1033009,0,2025-08-11T13:52:16Z,3034e92c1843eab298fb5f6f859d2c89cf824d61,9
338,165900,106,lecture,Kurs:Algebraische Kurven (Osnabrück 2025-2026)/Vorlesung 11,1051329,1032945,2025-08-18T07:58:01Z,33f81e0bf65b5b23de1c5798adf4a93282354d82,1642
339,165994,106,lecture_control,Kurs:Algebraische Kurven (Osnabrück 2025-2026)/Vorlesung 11/kontrolle,1033041,0,2025-08-11T13:57:26Z,b4fb7a17c1cd89774d7dbd81e7be5e7a5a6c6d9b,13
340,165964,106,lecture_latex,Kurs:Algebraische Kurven (Osnabrück 2025-2026)/Vorlesung 11/latex,1033010,0,2025-08-11T13:52:26Z,3034e92c1843eab298fb5f6f859d2c89cf824d61,9
341,165901,106,lecture,Kurs:Algebraische Kurven (Osnabrück 2025-2026)/Vorlesung 12,1112280,1059462,2026-08-21T08:02:32Z,7273d05cc557ce9421f7cc42b6f70b8b28ba57e2,5104
342,165995,106,lecture_control,Kurs:Algebraische Kurven (Osnabrück 2025-2026)/Vorlesung 12/kontrolle,1033042,0,2025-08-11T13:57:36Z,b4fb7a17c1cd89774d7dbd81e7be5e7a5a6c6d9b,13
343,165965,106,lecture_latex,Kurs:Algebraische Kurven (Osnabrück 2025-2026)/Vorlesung 12/latex,1033011,0,2025-08-11T13:52:36Z,3034e92c1843eab298fb5f6f859d2c89cf824d61,9
344,165902,106,lecture,Kurs:Algebraische Kurven (Osnabrück 2025-2026)/Vorlesung 13,1112285,1051335,2026-08-21T08:10:43Z,21738279d828654cee2399253d3c1763db6476a6,1770
345,165996,106,lecture_control,Kurs:Algebraische Kurven (Osnabrück 2025-2026)/Vorlesung 13/kontrolle,1033043,0,2025-08-11T13:57:46Z,b4fb7a17c1cd89774d7dbd81e7be5e7a5a6c6d9b,13
346,165966,106,lecture_latex,Kurs:Algebraische Kurven (Osnabrück 2025-2026)/Vorlesung 13/latex,1033012,0,2025-08-11T13:52:46Z,3034e92c1843eab298fb5f6f859d2c89cf824d61,9
347,165903,106,lecture,Kurs:Algebraische Kurven (Osnabrück 2025-2026)/Vorlesung 14,1051343,1032948,2025-08-18T08:06:49Z,5bc2e2c3db815edeb4f10640564c8cd793de74a8,2360
348,165997,106,lecture_control,Kurs:Algebraische Kurven (Osnabrück 2025-2026)/Vorlesung 14/kontrolle,1033044,0,2025-08-11T13:57:56Z,b4fb7a17c1cd89774d7dbd81e7be5e7a5a6c6d9b,13
349,165967,106,lecture_latex,Kurs:Algebraische Kurven (Osnabrück 2025-2026)/Vorlesung 14/latex,1033013,0,2025-08-11T13:52:56Z,3034e92c1843eab298fb5f6f859d2c89cf824d61,9
350,165904,106,lecture,Kurs:Algebraische Kurven (Osnabrück 2025-2026)/Vorlesung 15,1051357,1032949,2025-08-18T08:08:44Z,72949885b4a089a2f30ea68019ce98ea55d1939d,4131
351,165998,106,lecture_control,Kurs:Algebraische Kurven (Osnabrück 2025-2026)/Vorlesung 15/kontrolle,1033045,0,2025-08-11T13:58:06Z,b4fb7a17c1cd89774d7dbd81e7be5e7a5a6c6d9b,13
352,165968,106,lecture_latex,Kurs:Algebraische Kurven (Osnabrück 2025-2026)/Vorlesung 15/latex,1033014,0,2025-08-11T13:53:06Z,3034e92c1843eab298fb5f6f859d2c89cf824d61,9
353,165905,106,lecture,Kurs:Algebraische Kurven (Osnabrück 2025-2026)/Vorlesung 16,1060232,1052923,2025-11-29T13:15:50Z,59d50c0b858c5aa9b4a4be3b54c7336553e04482,2048
354,165999,106,lecture_control,Kurs:Algebraische Kurven (Osnabrück 2025-2026)/Vorlesung 16/kontrolle,1033046,0,2025-08-11T13:58:16Z,b4fb7a17c1cd89774d7dbd81e7be5e7a5a6c6d9b,13
355,165969,106,lecture_latex,Kurs:Algebraische Kurven (Osnabrück 2025-2026)/Vorlesung 16/latex,1033015,0,2025-08-11T13:53:16Z,3034e92c1843eab298fb5f6f859d2c89cf824d61,9
356,165906,106,lecture,Kurs:Algebraische Kurven (Osnabrück 2025-2026)/Vorlesung 17,1112301,1051376,2026-08-21T08:52:16Z,da4e92351c0197e66d117d85306d1578900dc81b,627
357,166000,106,lecture_control,Kurs:Algebraische Kurven (Osnabrück 2025-2026)/Vorlesung 17/kontrolle,1033047,0,2025-08-11T13:58:26Z,b4fb7a17c1cd89774d7dbd81e7be5e7a5a6c6d9b,13
358,165970,106,lecture_latex,Kurs:Algebraische Kurven (Osnabrück 2025-2026)/Vorlesung 17/latex,1033016,0,2025-08-11T13:53:26Z,3034e92c1843eab298fb5f6f859d2c89cf824d61,9
359,165907,106,lecture,Kurs:Algebraische Kurven (Osnabrück 2025-2026)/Vorlesung 18,1051383,1032952,2025-08-18T08:13:31Z,a30ad183e1e879bf7fec6ce414cbfad149b89bb1,345
360,166001,106,lecture_control,Kurs:Algebraische Kurven (Osnabrück 2025-2026)/Vorlesung 18/kontrolle,1033048,0,2025-08-11T13:58:36Z,b4fb7a17c1cd89774d7dbd81e7be5e7a5a6c6d9b,13
361,165971,106,lecture_latex,Kurs:Algebraische Kurven (Osnabrück 2025-2026)/Vorlesung 18/latex,1033017,0,2025-08-11T13:53:36Z,3034e92c1843eab298fb5f6f859d2c89cf824d61,9
362,165908,106,lecture,Kurs:Algebraische Kurven (Osnabrück 2025-2026)/Vorlesung 19,1051386,1032953,2025-08-18T08:16:13Z,d256e22d3ab01cb721aa6dd2162e54aebd5789c1,939
363,166002,106,lecture_control,Kurs:Algebraische Kurven (Osnabrück 2025-2026)/Vorlesung 19/kontrolle,1033049,0,2025-08-11T13:58:46Z,b4fb7a17c1cd89774d7dbd81e7be5e7a5a6c6d9b,13
364,165972,106,lecture_latex,Kurs:Algebraische Kurven (Osnabrück 2025-2026)/Vorlesung 19/latex,1033018,0,2025-08-11T13:53:46Z,3034e92c1843eab298fb5f6f859d2c89cf824d61,9
365,165891,106,lecture,Kurs:Algebraische Kurven (Osnabrück 2025-2026)/Vorlesung 2,1055217,1055215,2025-10-10T09:51:04Z,be3bd8706fc4945584860560ee832690f17184ab,641
366,165985,106,lecture_control,Kurs:Algebraische Kurven (Osnabrück 2025-2026)/Vorlesung 2/kontrolle,1033031,0,2025-08-11T13:55:56Z,b4fb7a17c1cd89774d7dbd81e7be5e7a5a6c6d9b,13
367,165955,106,lecture_latex,Kurs:Algebraische Kurven (Osnabrück 2025-2026)/Vorlesung 2/latex,1033001,0,2025-08-11T13:50:56Z,3034e92c1843eab298fb5f6f859d2c89cf824d61,9
368,165909,106,lecture,Kurs:Algebraische Kurven (Osnabrück 2025-2026)/Vorlesung 20,1112311,1062470,2026-08-21T09:10:26Z,74eb303dc659cb8131aaaee6948962210f063f4e,2184
369,166003,106,lecture_control,Kurs:Algebraische Kurven (Osnabrück 2025-2026)/Vorlesung 20/kontrolle,1033050,0,2025-08-11T13:58:56Z,b4fb7a17c1cd89774d7dbd81e7be5e7a5a6c6d9b,13
370,165973,106,lecture_latex,Kurs:Algebraische Kurven (Osnabrück 2025-2026)/Vorlesung 20/latex,1033019,0,2025-08-11T13:53:56Z,3034e92c1843eab298fb5f6f859d2c89cf824d61,9
371,165910,106,lecture,Kurs:Algebraische Kurven (Osnabrück 2025-2026)/Vorlesung 21,1112312,1051390,2026-08-21T09:27:05Z,05c51f6e29f6ec12aef400195396ca517924b094,3241
372,166004,106,lecture_control,Kurs:Algebraische Kurven (Osnabrück 2025-2026)/Vorlesung 21/kontrolle,1033051,0,2025-08-11T13:59:06Z,b4fb7a17c1cd89774d7dbd81e7be5e7a5a6c6d9b,13
373,165974,106,lecture_latex,Kurs:Algebraische Kurven (Osnabrück 2025-2026)/Vorlesung 21/latex,1033020,0,2025-08-11T13:54:06Z,3034e92c1843eab298fb5f6f859d2c89cf824d61,9
374,165911,106,lecture,Kurs:Algebraische Kurven (Osnabrück 2025-2026)/Vorlesung 22,1051397,1032956,2025-08-18T08:21:20Z,907644dc696a39dc2462e100fe3dd1f8a452fd8a,401
375,166005,106,lecture_control,Kurs:Algebraische Kurven (Osnabrück 2025-2026)/Vorlesung 22/kontrolle,1033052,0,2025-08-11T13:59:16Z,b4fb7a17c1cd89774d7dbd81e7be5e7a5a6c6d9b,13
376,165975,106,lecture_latex,Kurs:Algebraische Kurven (Osnabrück 2025-2026)/Vorlesung 22/latex,1033021,0,2025-08-11T13:54:16Z,3034e92c1843eab298fb5f6f859d2c89cf824d61,9
377,165912,106,lecture,Kurs:Algebraische Kurven (Osnabrück 2025-2026)/Vorlesung 23,1112318,1051403,2026-08-21T09:42:07Z,a38160a106cf39298b3f2cb23f7880e05a5a86f7,3363
378,166006,106,lecture_control,Kurs:Algebraische Kurven (Osnabrück 2025-2026)/Vorlesung 23/kontrolle,1033053,0,2025-08-11T13:59:26Z,b4fb7a17c1cd89774d7dbd81e7be5e7a5a6c6d9b,13
379,165976,106,lecture_latex,Kurs:Algebraische Kurven (Osnabrück 2025-2026)/Vorlesung 23/latex,1033022,0,2025-08-11T13:54:26Z,3034e92c1843eab298fb5f6f859d2c89cf824d61,9
380,165913,106,lecture,Kurs:Algebraische Kurven (Osnabrück 2025-2026)/Vorlesung 24,1064164,1051409,2026-01-07T17:24:59Z,6664c8a0c9cd971d7999ee853c466633888104be,2138
381,166007,106,lecture_control,Kurs:Algebraische Kurven (Osnabrück 2025-2026)/Vorlesung 24/kontrolle,1033054,0,2025-08-11T13:59:36Z,b4fb7a17c1cd89774d7dbd81e7be5e7a5a6c6d9b,13
382,165977,106,lecture_latex,Kurs:Algebraische Kurven (Osnabrück 2025-2026)/Vorlesung 24/latex,1033023,0,2025-08-11T13:54:36Z,3034e92c1843eab298fb5f6f859d2c89cf824d61,9
383,165914,106,lecture,Kurs:Algebraische Kurven (Osnabrück 2025-2026)/Vorlesung 25,1051417,1032959,2025-08-18T08:25:41Z,db28bc8b7447473a68ac1077da738c3ed0654727,243
384,166008,106,lecture_control,Kurs:Algebraische Kurven (Osnabrück 2025-2026)/Vorlesung 25/kontrolle,1033055,0,2025-08-11T13:59:46Z,b4fb7a17c1cd89774d7dbd81e7be5e7a5a6c6d9b,13
385,165978,106,lecture_latex,Kurs:Algebraische Kurven (Osnabrück 2025-2026)/Vorlesung 25/latex,1033024,0,2025-08-11T13:54:46Z,3034e92c1843eab298fb5f6f859d2c89cf824d61,9
386,165915,106,lecture,Kurs:Algebraische Kurven (Osnabrück 2025-2026)/Vorlesung 26,1073335,1068561,2026-02-24T15:57:20Z,be05a70d404af644b760e09f58e01842323cc0b8,960
387,166009,106,lecture_control,Kurs:Algebraische Kurven (Osnabrück 2025-2026)/Vorlesung 26/kontrolle,1033056,0,2025-08-11T13:59:56Z,b4fb7a17c1cd89774d7dbd81e7be5e7a5a6c6d9b,13
388,165979,106,lecture_latex,Kurs:Algebraische Kurven (Osnabrück 2025-2026)/Vorlesung 26/latex,1033025,0,2025-08-11T13:54:56Z,3034e92c1843eab298fb5f6f859d2c89cf824d61,9
389,165916,106,lecture,Kurs:Algebraische Kurven (Osnabrück 2025-2026)/Vorlesung 27,1052924,1051440,2025-08-28T06:38:38Z,2159a75507b1027a8a3952490d11caa49f23b20a,1409
390,166010,106,lecture_control,Kurs:Algebraische Kurven (Osnabrück 2025-2026)/Vorlesung 27/kontrolle,1033057,0,2025-08-11T14:00:06Z,b4fb7a17c1cd89774d7dbd81e7be5e7a5a6c6d9b,13
391,165980,106,lecture_latex,Kurs:Algebraische Kurven (Osnabrück 2025-2026)/Vorlesung 27/latex,1033026,0,2025-08-11T13:55:06Z,3034e92c1843eab298fb5f6f859d2c89cf824d61,9
392,165917,106,lecture,Kurs:Algebraische Kurven (Osnabrück 2025-2026)/Vorlesung 28,1112331,1052925,2026-08-21T10:22:56Z,f246c66d8831857ecc2778aa783f604598fc21fc,1429
393,166011,106,lecture_control,Kurs:Algebraische Kurven (Osnabrück 2025-2026)/Vorlesung 28/kontrolle,1033058,0,2025-08-11T14:00:16Z,b4fb7a17c1cd89774d7dbd81e7be5e7a5a6c6d9b,13
394,165981,106,lecture_latex,Kurs:Algebraische Kurven (Osnabrück 2025-2026)/Vorlesung 28/latex,1033027,0,2025-08-11T13:55:16Z,3034e92c1843eab298fb5f6f859d2c89cf824d61,9
395,165918,106,lecture,Kurs:Algebraische Kurven (Osnabrück 2025-2026)/Vorlesung 29,1067373,1067371,2026-01-27T10:01:36Z,1543b7c0ad70b4a659d12ee8413be4485ad8ef94,2061
396,166012,106,lecture_control,Kurs:Algebraische Kurven (Osnabrück 2025-2026)/Vorlesung 29/kontrolle,1033059,0,2025-08-11T14:00:26Z,b4fb7a17c1cd89774d7dbd81e7be5e7a5a6c6d9b,13
397,165982,106,lecture_latex,Kurs:Algebraische Kurven (Osnabrück 2025-2026)/Vorlesung 29/latex,1033028,0,2025-08-11T13:55:26Z,3034e92c1843eab298fb5f6f859d2c89cf824d61,9
398,165892,106,lecture,Kurs:Algebraische Kurven (Osnabrück 2025-2026)/Vorlesung 3,1052207,1051265,2025-08-27T11:33:02Z,9ce92720a5f22f16453faa79345392063318ee86,2042
399,165986,106,lecture_control,Kurs:Algebraische Kurven (Osnabrück 2025-2026)/Vorlesung 3/kontrolle,1033032,0,2025-08-11T13:56:06Z,b4fb7a17c1cd89774d7dbd81e7be5e7a5a6c6d9b,13
400,165956,106,lecture_latex,Kurs:Algebraische Kurven (Osnabrück 2025-2026)/Vorlesung 3/latex,1033002,0,2025-08-11T13:51:06Z,3034e92c1843eab298fb5f6f859d2c89cf824d61,9
401,165919,106,lecture,Kurs:Algebraische Kurven (Osnabrück 2025-2026)/Vorlesung 30,1112570,1051456,2026-08-21T16:12:37Z,340e929286adf3a024e5efaf8b7f11876e47a049,738
402,166013,106,lecture_control,Kurs:Algebraische Kurven (Osnabrück 2025-2026)/Vorlesung 30/kontrolle,1033060,0,2025-08-11T14:00:36Z,b4fb7a17c1cd89774d7dbd81e7be5e7a5a6c6d9b,13
403,165983,106,lecture_latex,Kurs:Algebraische Kurven (Osnabrück 2025-2026)/Vorlesung 30/latex,1033029,0,2025-08-11T13:55:36Z,3034e92c1843eab298fb5f6f859d2c89cf824d61,9
404,165893,106,lecture,Kurs:Algebraische Kurven (Osnabrück 2025-2026)/Vorlesung 4,1112250,1056163,2026-08-20T16:46:15Z,5931f665f4ab4e6180050ddde5164d5edc94e37a,1197
405,165987,106,lecture_control,Kurs:Algebraische Kurven (Osnabrück 2025-2026)/Vorlesung 4/kontrolle,1033034,0,2025-08-11T13:56:16Z,b4fb7a17c1cd89774d7dbd81e7be5e7a5a6c6d9b,13
406,165957,106,lecture_latex,Kurs:Algebraische Kurven (Osnabrück 2025-2026)/Vorlesung 4/latex,1033003,0,2025-08-11T13:51:16Z,3034e92c1843eab298fb5f6f859d2c89cf824d61,9
407,165894,106,lecture,Kurs:Algebraische Kurven (Osnabrück 2025-2026)/Vorlesung 5,1051269,1032939,2025-08-18T07:26:27Z,31f879dfdf7a47a2387eb3fa1200ae7918cc205e,598
408,165988,106,lecture_control,Kurs:Algebraische Kurven (Osnabrück 2025-2026)/Vorlesung 5/kontrolle,1033035,0,2025-08-11T13:56:26Z,b4fb7a17c1cd89774d7dbd81e7be5e7a5a6c6d9b,13
409,165958,106,lecture_latex,Kurs:Algebraische Kurven (Osnabrück 2025-2026)/Vorlesung 5/latex,1033004,0,2025-08-11T13:51:26Z,3034e92c1843eab298fb5f6f859d2c89cf824d61,9
410,165895,106,lecture,Kurs:Algebraische Kurven (Osnabrück 2025-2026)/Vorlesung 6,1112253,1057037,2026-08-20T16:51:19Z,5b0f6515a3cd3c8079cef3862b8d182c6549dcf9,2872
411,165989,106,lecture_control,Kurs:Algebraische Kurven (Osnabrück 2025-2026)/Vorlesung 6/kontrolle,1033036,0,2025-08-11T13:56:36Z,b4fb7a17c1cd89774d7dbd81e7be5e7a5a6c6d9b,13
412,165959,106,lecture_latex,Kurs:Algebraische Kurven (Osnabrück 2025-2026)/Vorlesung 6/latex,1033005,0,2025-08-11T13:51:36Z,3034e92c1843eab298fb5f6f859d2c89cf824d61,9
413,165896,106,lecture,Kurs:Algebraische Kurven (Osnabrück 2025-2026)/Vorlesung 7,1057689,1057688,2025-11-04T10:20:33Z,482eacab21b84870389c23a5faac8493768fd522,1445
414,165990,106,lecture_control,Kurs:Algebraische Kurven (Osnabrück 2025-2026)/Vorlesung 7/kontrolle,1033037,0,2025-08-11T13:56:46Z,b4fb7a17c1cd89774d7dbd81e7be5e7a5a6c6d9b,13
415,165960,106,lecture_latex,Kurs:Algebraische Kurven (Osnabrück 2025-2026)/Vorlesung 7/latex,1033006,0,2025-08-11T13:51:46Z,3034e92c1843eab298fb5f6f859d2c89cf824d61,9
416,165897,106,lecture,Kurs:Algebraische Kurven (Osnabrück 2025-2026)/Vorlesung 8,1051293,1032942,2025-08-18T07:32:25Z,f84804863234f9cbcd9f9c06f334e60a8bde42fa,527
417,165991,106,lecture_control,Kurs:Algebraische Kurven (Osnabrück 2025-2026)/Vorlesung 8/kontrolle,1033038,0,2025-08-11T13:56:56Z,b4fb7a17c1cd89774d7dbd81e7be5e7a5a6c6d9b,13
418,165961,106,lecture_latex,Kurs:Algebraische Kurven (Osnabrück 2025-2026)/Vorlesung 8/latex,1033007,0,2025-08-11T13:51:56Z,3034e92c1843eab298fb5f6f859d2c89cf824d61,9
419,165898,106,lecture,Kurs:Algebraische Kurven (Osnabrück 2025-2026)/Vorlesung 9,1112241,1073527,2026-08-20T16:29:07Z,2a702891ae21267751c7900639ef3828faf949c2,3162
420,165992,106,lecture_control,Kurs:Algebraische Kurven (Osnabrück 2025-2026)/Vorlesung 9/kontrolle,1033039,0,2025-08-11T13:57:06Z,b4fb7a17c1cd89774d7dbd81e7be5e7a5a6c6d9b,13
421,165962,106,lecture_latex,Kurs:Algebraische Kurven (Osnabrück 2025-2026)/Vorlesung 9/latex,1033008,0,2025-08-11T13:52:06Z,3034e92c1843eab298fb5f6f859d2c89cf824d61,9
422,165887,106,course_local_other,Kurs:Algebraische Kurven (Osnabrück 2025-2026)/Vorlesung/Fuß,1032932,0,2025-08-11T13:39:46Z,8fbfbd4087c4235b5b2d95c55b7d805d5dae149d,1011
423,165858,106,course_local_other,Kurs:Algebraische Kurven (Osnabrück 2025-2026)/Vorlesungen,1068473,1032900,2026-02-02T08:49:40Z,1a3d27f1a8ef3eb8ea4f13a08f0e8cda4e73723f,546
424,165871,106,course_local_other,Kurs:Algebraische Kurven (Osnabrück 2025-2026)/Vorlesungsaufzählung,1112657,1068474,2026-08-21T16:28:06Z,3f1285e39d46a8aabc4b4e95b53c46c9d902422e,1206
425,165873,106,course_local_other,Kurs:Algebraische Kurven (Osnabrück 2025-2026)/Vorlesungsaufzählung/kontrolle,1032918,0,2025-08-11T13:35:26Z,b4fb7a17c1cd89774d7dbd81e7be5e7a5a6c6d9b,13
426,165872,106,course_local_other,Kurs:Algebraische Kurven (Osnabrück 2025-2026)/Vorlesungsaufzählung/latex,1032917,0,2025-08-11T13:35:06Z,e121c347245952acb8319453341941189f158088,79
427,168478,106,course_local_other,Kurs:Algebraische Kurven (Osnabrück 2025-2026)/Vorlesungsaufzählung/Vorlesungstitellatex,1068539,0,2026-02-02T12:56:53Z,c7e4a1dd554c1a0753c5ea2fa5c5cf056326966d,73
428,165885,106,course_local_other,Kurs:Algebraische Kurven (Osnabrück 2025-2026)/Vorlesungsgestaltung,1032930,0,2025-08-11T13:39:26Z,8842223dc4805ab2598ed30647381ee75d52522b,393
429,166380,106,course_local_other,Kurs:Algebraische Kurven (Osnabrück 2025-2026)/Zahlentheorie/Summe von Quadraten/Charakterisierung/Fakt/Faktreferenznummer,1051320,0,2025-08-18T07:51:35Z,0f927ca411e58a62b9135811b91ec24cfcb7cad1,75
430,166452,106,course_local_other,Kurs:Algebraische Kurven (Osnabrück 2025-2026)/Zariski-Filter/Irreduzibler Filter ist durch D(f) bestimmt/Aufgabe/Aufgabereferenznummer,1051435,0,2025-08-18T08:28:38Z,bf06847ca97a7ff6518102b4d93fcaaa6543b58c,48
431,166356,106,course_local_other,Kurs:Algebraische Kurven (Osnabrück 2025-2026)/Zariski-Topologie/Affiner Raum/Offene Mengen sind dicht/Aufgabe/Aufgabereferenznummer,1061789,1051287,2025-12-08T09:48:46Z,bc081e10e0b2f98986bcbfc88be672c6cc27683f,48
432,166350,106,course_local_other,Kurs:Algebraische Kurven (Osnabrück 2025-2026)/Zariski-Topologie/Polynomiale Abbildung/Abschluss von Bild/Aufgabe/Aufgabereferenznummer,1064863,1051280,2026-01-13T11:14:45Z,bb79901d5fc1fd8333827454b4ea9294e28e294a,48
433,168393,106,course_local_other,Kurs:Algebraische Kurven (Osnabrück 2025-2026)/Zwei Polynome in einer Variablen/Graph/Restklassenring/Aufgabe/Aufgabereferenznummer,1067868,0,2026-01-30T10:10:30Z,b1f9bc0de0c025f1af74d2ee0cd0dc60b76c0e9f,48
